business_description,expected_domain_names
startup for pets in Singapore,"['startuppets.biz', 'startuppets.io', 'singaporeio.co']"
event planning company in Toronto,"['eventplanning.co', 'eventify.co', 'companybase.net']"
event planning company in New York,"['eventplanning.com', 'companyhub.co', 'eventlink.co']"
cybersecurity service provider in Tokyo,"['cybersecurityservice.store', 'cybersecurityzone.io', 'cybersecurityservice.ai']"
micro-lending platform in Toronto,"['platformlink.store', 'microlendingplatform.co', 'microlendingplatform.store']"
investment firm in New York,"['investmentbase.ai', 'newlink.biz', 'investmentify.store']"
youth development program in Toronto,"['youthzone.biz', 'youthdevelopment.com', 'programify.ai']"
organic skincare brand in Berlin,"['organicio.store', 'skincarelink.ai', 'organicskincare.io']"
luxury travel agency in Paris,"['luxurytravel.org', 'agencyio.org', 'luxurylink.net']"
film production house in San Francisco,"['filmify.org', 'filmproduction.ai', 'houselink.store']"
educational game developer in Singapore,"['developerio.biz', 'educationalify.org', 'educationalgame.net']"
food truck business in Singapore,"['foodtruck.ai', 'foodtruck.biz', 'foodio.ai']"
bakery and pastry shop in San Francisco,"['bakerypastry.ai', 'bakerypastry.co', 'bakerypastry.org']"
digital marketing agency in Tokyo,"['digitalmarketing.store', 'agencybase.io', 'digitalmarketing.co']"
cloud solutions provider in San Francisco,"['solutionsbase.io', 'cloudsolutions.store', 'cloudsolutions.ai']"
food truck business in London,"['foodtruck.org', 'businessify.co', 'foodtruck.ai']"
wedding photography business in New York,"['weddingphotography.net', 'businessio.biz', 'businesszone.co']"
digital art marketplace in London,"['marketplaceio.store', 'digitalart.io', 'digitalhub.ai']"
university consultancy in Paris,"['parishub.store', 'universityconsultancy.store', 'universityhub.org']"
coding bootcamp in Dubai,"['codingbootcamp.co', 'codingbootcamp.store', 'bootcamphub.com']"
online bookstore in London,"['londonify.com', 'onlinebookstore.store', 'bookstorelink.store']"
language tutoring service in Dubai,"['servicelink.co', 'languagetutoring.com', 'languagehub.biz']"
wedding photography business in San Francisco,"['photographyzone.store', 'weddingphotography.org', 'weddingphotography.com']"
digital art marketplace in Toronto,"['digitalart.com', 'artify.com', 'artlink.ai']"
fine dining restaurant in Paris,"['finedining.com', 'diningify.net', 'restaurantify.biz']"
online bookstore in Toronto,"['onlinebookstore.co', 'torontobase.biz', 'onlinebookstore.com']"
food truck business in New York,"['foodlink.net', 'truckhub.org', 'foodtruck.ai']"
home decor shop in New York,"['homedecor.co', 'homedecor.org', 'homedecor.biz']"
cloud solutions provider in Singapore,"['solutionsio.biz', 'solutionshub.com', 'solutionshub.net']"
language tutoring service in Berlin,"['serviceify.io', 'languagetutoring.com', 'languagetutoring.biz']"
organic skincare brand in Paris,"['organicskincare.co', 'organicskincare.ai', 'organicskincare.org']"
online bookstore in Toronto,"['torontolink.org', 'onlinelink.ai', 'onlinebookstore.com']"
AI-powered healthcare solution for elderly in rural areas in Dubai,"['aipoweredhealthcare.org', 'aipoweredhealthcare.store', 'aipoweredhealthcare.ai']"
environmental NGO in Toronto,"['environmentalngo.org', 'environmentalngo.com', 'environmentalio.co']"
real estate agency in Dubai,"['estatehub.net', 'realestate.co', 'agencyio.biz']"
organic skincare brand in Toronto,"['skincarelink.biz', 'brandbase.co', 'skincarebase.com']"
vegan restaurant in Paris,"['veganrestaurant.co', 'veganify.store', 'veganrestaurant.store']"
investment firm in Berlin,"['investmentfirm.org', 'berlinbase.com', 'investmentfirm.com']"
vegan restaurant in Toronto,"['torontolink.net', 'restaurantify.ai', 'veganrestaurant.co']"
VR gaming center in San Francisco,"['vrgaming.org', 'vrgaming.co', 'centerify.store']"
fast-food chain in Paris,"['fastfoodchain.co', 'fastfoodchain.ai', 'fastfoodchain.org']"
personal finance advisory in San Francisco,"['personalfinance.com', 'advisoryzone.io', 'personalzone.co']"
home decor shop in Singapore,"['homedecor.biz', 'homedecor.io', 'homedecor.co']"
luxury watch retailer in New York,"['luxurywatch.biz', 'watchbase.biz', 'luxurywatch.ai']"
car rental service in San Francisco,"['carrental.biz', 'carrental.net', 'carrental.co']"
music label in San Francisco,"['musiclabel.io', 'sanlink.store', 'musiclabel.net']"
podcast production company in Paris,"['podcastbase.com', 'productionzone.org', 'podcastproduction.com']"
home cleaning service in Dubai,"['cleaningbase.io', 'homelink.com', 'homeify.biz']"
ice cream parlor in London,"['creamio.com', 'creamio.biz', 'icecream.biz']"
mental health counseling service in Paris,"['mentalify.ai', 'mentalhealth.co', 'healthlink.ai']"
organic coffee shop in Tokyo,"['shopzone.ai', 'organichub.org', 'organiccoffee.org']"
startup for pets in Singapore,"['startupzone.ai', 'singaporehub.store', 'petslink.com']"
yoga studio in Toronto,"['studioify.biz', 'yogaio.com', 'studiozone.ai']"
home cleaning service in San Francisco,"['serviceify.io', 'homecleaning.biz', 'servicebase.com']"
video streaming platform in Paris,"['videostreaming.biz', 'videolink.store', 'platformify.com']"
ice cream parlor in Paris,"['creamify.co', 'icecream.net', 'parlorbase.net']"
car rental service in Berlin,"['carrental.store', 'carrental.org', 'servicehub.io']"
language tutoring service in London,"['languagetutoring.io', 'tutoringzone.org', 'servicehub.io']"
AI-powered healthcare solution for elderly in rural areas in Dubai,"['aipoweredify.co', 'aipoweredhealthcare.io', 'aipoweredhealthcare.ai']"
coffee in Paris,"['parislink.ai', 'coffeeparis.io', 'pariszone.org']"
luxury travel agency in London,"['luxurytravel.org', 'luxurytravel.com', 'agencybase.com']"
AI consulting firm in San Francisco,"['aiconsulting.io', 'aiconsulting.co', 'aiconsulting.biz']"
digital art marketplace in Toronto,"['marketplacebase.com', 'digitalart.com', 'digitalart.net']"
electronics store in London,"['electronicsstore.org', 'electronicsstore.ai', 'electronicsstore.com']"
gaming cafe in Paris,"['cafeify.org', 'gamingcafe.biz', 'gamingcafe.org']"
wedding photography business in Paris,"['weddingphotography.store', 'businessio.co', 'weddingphotography.ai']"
organic skincare brand in London,"['skincareio.org', 'organicskincare.ai', 'organicskincare.org']"
SEO optimization firm in London,"['seolink.com', 'seooptimization.com', 'seohub.net']"
startup for pets in Dubai,"['dubaizone.store', 'dubaibase.biz', 'startuppets.net']"
home cleaning service in Tokyo,"['homebase.biz', 'homecleaning.net', 'homecleaning.io']"
coworking space in Berlin,"['spacelink.io', 'berlinify.org', 'berlinlink.net']"
home decor shop in Singapore,"['homedecor.com', 'homeio.co', 'homezone.store']"
insurance brokerage in Toronto,"['insurancehub.ai', 'torontobase.org', 'insurancebrokerage.biz']"
music label in Toronto,"['torontozone.co', 'musiclabel.biz', 'musicio.org']"
ice cream parlor in San Francisco,"['icecream.org', 'parlorhub.com', 'icecream.ai']"
wedding photography business in Tokyo,"['businesszone.org', 'photographylink.ai', 'weddingify.org']"
pet grooming service in London,"['petgrooming.org', 'petify.co', 'groomingio.ai']"
digital art marketplace in Singapore,"['digitalzone.net', 'digitalzone.co', 'digitalart.co']"
podcast production company in San Francisco,"['podcastproduction.ai', 'companyio.ai', 'podcastproduction.co']"
coffee in Tokyo,"['coffeetokyo.ai', 'coffeebase.com', 'tokyobase.co']"
physiotherapy clinic in Berlin,"['cliniczone.net', 'physiotherapyclinic.store', 'physiotherapyclinic.net']"
nonprofit for education in Tokyo,"['nonprofiteducation.store', 'nonprofiteducation.org', 'nonprofiteducation.biz']"
online bookstore in Berlin,"['onlinebookstore.net', 'onlinebookstore.ai', 'berlinio.io']"
coffee in Singapore,"['coffeesingapore.com', 'coffeesingapore.co', 'singaporelink.co']"
animal rescue organization in Paris,"['animalrescue.store', 'animalrescue.biz', 'animalrescue.io']"
personal finance advisory in Toronto,"['financehub.com', 'personalfinance.com', 'personalfinance.biz']"
coding bootcamp in Paris,"['codingbootcamp.io', 'codingbootcamp.store', 'bootcampify.store']"
home cleaning service in Toronto,"['homeify.co', 'homeio.store', 'homecleaning.ai']"
wedding photography business in London,"['weddingphotography.net', 'weddingphotography.org', 'weddingphotography.io']"
university consultancy in London,"['universityconsultancy.net', 'londonzone.store', 'universityconsultancy.org']"
startup for pets in New York,"['startupio.co', 'newlink.net', 'startuppets.biz']"
VR gaming center in Berlin,"['vrgaming.io', 'gaminglink.co', 'vrgaming.com']"
pet grooming service in Singapore,"['petify.com', 'groomingify.org', 'petlink.ai']"
coding bootcamp in London,"['codingbootcamp.ai', 'codingbootcamp.io', 'codinglink.com']"
nutrition coaching in New York,"['nutritioncoaching.org', 'nutritioncoaching.com', 'coachingzone.biz']"
physiotherapy clinic in Toronto,"['physiotherapyclinic.biz', 'physiotherapyclinic.co', 'torontoify.store']"
telemedicine platform in Dubai,"['telemedicineplatform.com', 'telemedicinelink.biz', 'dubaiify.biz']"
video streaming platform in Singapore,"['streamingzone.net', 'videohub.ai', 'videostreaming.ai']"
AI-powered healthcare solution for elderly in rural areas in Toronto,"['solutionbase.net', 'healthcarehub.com', 'aipoweredhealthcare.biz']"
electronics store in Toronto,"['electronicsbase.io', 'storeify.store', 'electronicsstore.co']"
youth development program in Tokyo,"['programbase.store', 'developmentbase.org', 'youthbase.co']"
electronics store in Tokyo,"['electronicsstore.biz', 'tokyozone.ai', 'electronicszone.com']"
gaming cafe in Paris,"['gamingcafe.com', 'gamingcafe.net', 'gamingcafe.biz']"
coworking space in San Francisco,"['coworkingspace.io', 'coworkingspace.ai', 'sanbase.org']"
nonprofit for education in Dubai,"['nonprofitio.org', 'nonprofitzone.com', 'nonprofiteducation.biz']"
SEO optimization firm in Toronto,"['seooptimization.store', 'optimizationio.store', 'seooptimization.co']"
ice cream parlor in Toronto,"['creamify.ai', 'icecream.biz', 'icecream.store']"
digital marketing agency in Tokyo,"['digitalio.org', 'digitalmarketing.biz', 'digitalmarketing.net']"
nonprofit for education in Dubai,"['dubaiio.co', 'nonprofiteducation.store', 'nonprofitify.store']"
home cleaning service in Tokyo,"['homehub.ai', 'cleaningio.ai', 'serviceify.net']"
film production house in New York,"['filmproduction.com', 'househub.store', 'filmproduction.io']"
luxury travel agency in Tokyo,"['travelbase.store', 'luxurytravel.net', 'travelify.net']"
university consultancy in Singapore,"['universityconsultancy.net', 'universityconsultancy.com', 'universityconsultancy.org']"
cryptocurrency exchange in New York,"['cryptocurrencyexchange.co', 'exchangeio.org', 'newbase.io']"
music label in Paris,"['musichub.ai', 'musicbase.store', 'musiclabel.store']"
web design agency in Dubai,"['designhub.store', 'webdesign.store', 'webdesign.ai']"
food truck business in Paris,"['trucklink.net', 'foodzone.com', 'truckhub.io']"
language tutoring service in Singapore,"['languagetutoring.io', 'tutoringlink.store', 'languagetutoring.store']"
organic skincare brand in Berlin,"['skincarezone.biz', 'organichub.store', 'organicskincare.org']"
luxury travel agency in Toronto,"['luxurytravel.store', 'luxurytravel.org', 'travelhub.store']"
home decor shop in Singapore,"['homedecor.net', 'homedecor.store', 'homedecor.org']"
video streaming platform in San Francisco,"['streaminglink.com', 'videostreaming.io', 'streaminglink.io']"
event planning company in London,"['eventplanning.co', 'companybase.com', 'eventplanning.ai']"
luxury travel agency in Berlin,"['agencyhub.net', 'luxurytravel.io', 'luxurytravel.ai']"
nonprofit for education in London,"['londonhub.org', 'nonprofiteducation.biz', 'nonprofiteducation.co']"
animal rescue organization in New York,"['animalrescue.store', 'animalrescue.org', 'animalzone.com']"
nutrition coaching in London,"['nutritioncoaching.io', 'londonlink.com', 'coachingio.com']"
fine dining restaurant in New York,"['fineio.net', 'finedining.com', 'finedining.org']"
micro-lending platform in Singapore,"['platformify.org', 'microlendingplatform.co', 'singaporebase.io']"
food truck business in Toronto,"['businessbase.io', 'foodtruck.biz', 'foodtruck.store']"
luxury travel agency in Tokyo,"['luxurytravel.org', 'luxurytravel.biz', 'travelio.co']"
cryptocurrency exchange in Paris,"['cryptocurrencyexchange.ai', 'cryptocurrencyexchange.net', 'cryptocurrencyexchange.biz']"
vegan restaurant in San Francisco,"['veganrestaurant.biz', 'sanhub.biz', 'veganrestaurant.ai']"
mental health counseling service in Paris,"['mentalhealth.store', 'mentalhealth.org', 'mentalhealth.biz']"
home decor shop in Toronto,"['homeio.io', 'decorio.co', 'homedecor.co']"
health awareness campaign in Tokyo,"['healthawareness.co', 'awarenessbase.org', 'awarenesszone.biz']"
animal rescue organization in Toronto,"['animalrescue.com', 'organizationbase.org', 'animalrescue.ai']"
coding bootcamp in Dubai,"['codinghub.net', 'codingbootcamp.org', 'bootcamplink.org']"
fine dining restaurant in Paris,"['finedining.com', 'finedining.store', 'restaurantbase.io']"
food truck business in Toronto,"['foodify.io', 'foodbase.co', 'foodtruck.store']"
cybersecurity service provider in Berlin,"['cybersecurityservice.net', 'cybersecurityservice.com', 'cybersecuritybase.store']"
animal rescue organization in Singapore,"['organizationio.com', 'animalzone.com', 'animalrescue.io']"
legal consultancy in San Francisco,"['consultancyify.store', 'legalhub.com', 'legalconsultancy.ai']"
food truck business in Tokyo,"['businesszone.store', 'foodhub.io', 'foodtruck.biz']"
language tutoring service in Singapore,"['languageify.net', 'tutoringhub.co', 'languagetutoring.org']"
SEO optimization firm in Dubai,"['seooptimization.org', 'seooptimization.biz', 'optimizationio.com']"
legal consultancy in San Francisco,"['legalconsultancy.co', 'sanzone.net', 'consultancyio.net']"
youth development program in Paris,"['programio.io', 'youthdevelopment.org', 'youthdevelopment.biz']"
organic skincare brand in San Francisco,"['organiczone.com', 'organicskincare.io', 'skincareio.biz']"
web design agency in Toronto,"['webdesign.org', 'agencyio.co', 'designlink.org']"
luxury watch retailer in Berlin,"['luxurywatch.biz', 'luxurywatch.org', 'luxuryify.org']"
wedding photography business in Berlin,"['weddingio.org', 'photographybase.org', 'businesshub.co']"
organic coffee shop in Tokyo,"['organiccoffee.com', 'organiccoffee.biz', 'organicio.io']"
blockchain startup in Singapore,"['startuphub.ai', 'blockchainstartup.io', 'blockchainstartup.biz']"
music label in London,"['musiclabel.ai', 'londonify.biz', 'musiclabel.store']"
fast-food chain in Tokyo,"['fastfoodchain.co', 'fastfoodchain.org', 'fastfoodlink.store']"
environmental NGO in Berlin,"['ngoio.io', 'environmentalngo.ai', 'ngoio.ai']"
luxury watch retailer in New York,"['watchzone.com', 'watchzone.io', 'luxurywatch.io']"
music label in Paris,"['musiclabel.biz', 'parisbase.co', 'musiclabel.store']"
nonprofit for education in New York,"['newio.ai', 'nonprofitzone.store', 'educationlink.org']"
digital marketing agency in Toronto,"['digitalmarketing.io', 'marketingzone.co', 'digitalmarketing.net']"
insurance brokerage in Singapore,"['insurancebrokerage.com', 'insurancehub.store', 'insurancebrokerage.biz']"
bakery and pastry shop in Singapore,"['bakerypastry.ai', 'bakerypastry.org', 'bakerypastry.io']"
fashion boutique in Paris,"['fashionhub.net', 'fashionboutique.com', 'parisbase.co']"
fitness center in Singapore,"['fitnesshub.com', 'fitnesscenter.org', 'fitnesshub.net']"
video streaming platform in Dubai,"['platformzone.co', 'streamingbase.io', 'videostreaming.net']"
organic coffee shop in Tokyo,"['organiccoffee.net', 'organiclink.biz', 'organiccoffee.com']"
film production house in Dubai,"['productionlink.biz', 'househub.io', 'productionio.net']"
music label in San Francisco,"['musicify.biz', 'musiclabel.org', 'musicify.store']"
startup for pets in Berlin,"['petshub.io', 'petsio.com', 'berlinbase.org']"
wedding photography business in Toronto,"['weddinglink.co', 'weddingphotography.co', 'weddinglink.ai']"
language tutoring service in Paris,"['languagetutoring.ai', 'languagelink.biz', 'languagetutoring.store']"
film production house in Singapore,"['filmproduction.biz', 'filmproduction.store', 'filmproduction.net']"
educational game developer in New York,"['developerlink.co', 'gameify.io', 'educationalhub.co']"
blockchain startup in Dubai,"['blockchainstartup.store', 'blockchainstartup.org', 'blockchainstartup.biz']"
bakery and pastry shop in London,"['pastryio.biz', 'bakeryio.net', 'bakerypastry.com']"
language tutoring service in London,"['serviceio.io', 'languagetutoring.io', 'languageify.net']"
music label in Toronto,"['musicio.biz', 'musiclabel.org', 'musiclabel.co']"
wedding photography business in Toronto,"['weddingbase.io', 'weddingio.io', 'weddinghub.org']"
music label in New York,"['musiclabel.biz', 'musicio.store', 'newhub.co']"
video streaming platform in Toronto,"['videostreaming.org', 'videostreaming.store', 'videostreaming.io']"
music label in Berlin,"['labelio.io', 'berlinlink.io', 'musiclabel.org']"
mobile app development company in Berlin,"['mobilehub.io', 'apphub.io', 'developmentlink.org']"
AI-powered healthcare solution for elderly in rural areas in London,"['aipoweredify.store', 'aipoweredhealthcare.net', 'aipoweredhealthcare.biz']"
electronics store in Dubai,"['electronicsstore.biz', 'electronicsio.org', 'electronicsstore.co']"
cloud solutions provider in Tokyo,"['solutionszone.com', 'solutionshub.net', 'cloudsolutions.net']"
coding bootcamp in New York,"['codingbootcamp.io', 'codingio.ai', 'bootcampio.co']"
home decor shop in Tokyo,"['homedecor.net', 'homedecor.store', 'homedecor.biz']"
nutrition coaching in Tokyo,"['coachingzone.org', 'coachingzone.io', 'nutritioncoaching.com']"
ice cream parlor in Toronto,"['creamlink.biz', 'icezone.io', 'icebase.store']"
SEO optimization firm in Berlin,"['seozone.com', 'seohub.co', 'optimizationlink.store']"
fashion boutique in Paris,"['parislink.com', 'fashionhub.biz', 'parisio.com']"
mental health counseling service in San Francisco,"['counselingio.net', 'counselingify.com', 'mentalhealth.io']"
cloud solutions provider in Paris,"['cloudsolutions.org', 'cloudzone.ai', 'solutionsio.co']"
cloud solutions provider in New York,"['providerhub.net', 'cloudbase.org', 'solutionsio.com']"
event planning company in London,"['companylink.org', 'eventplanning.store', 'eventplanning.biz']"
pet grooming service in San Francisco,"['groomingify.com', 'servicebase.co', 'groominglink.co']"
cloud solutions provider in Berlin,"['cloudsolutions.biz', 'cloudify.org', 'providerzone.co']"
fitness center in Singapore,"['fitnesscenter.com', 'fitnesslink.org', 'fitnesscenter.biz']"
film production house in Toronto,"['filmproduction.com', 'houseify.co', 'filmproduction.io']"
mobile app development company in Dubai,"['mobileapp.ai', 'mobileapp.com', 'developmentlink.store']"
cloud solutions provider in Toronto,"['cloudsolutions.org', 'cloudsolutions.com', 'cloudsolutions.net']"
coworking space in London,"['spaceify.co', 'coworkingspace.ai', 'spacezone.net']"
legal consultancy in Berlin,"['legalconsultancy.biz', 'berlinlink.co', 'legalhub.ai']"
animal rescue organization in Singapore,"['animalrescue.com', 'animalrescue.biz', 'animalrescue.net']"
film production house in Dubai,"['filmproduction.com', 'filmio.ai', 'houseify.net']"
language tutoring service in Singapore,"['languagehub.org', 'languagetutoring.com', 'languagetutoring.org']"
mobile app development company in Singapore,"['appio.biz', 'appzone.store', 'mobilelink.co']"
VR gaming center in Tokyo,"['vrgaming.biz', 'centerzone.biz', 'vrgaming.io']"
cybersecurity service provider in Toronto,"['cybersecurityservice.io', 'servicehub.biz', 'cybersecurityservice.biz']"
fast-food chain in Singapore,"['fastfoodchain.io', 'fastfoodzone.net', 'singaporeify.ai']"
legal consultancy in San Francisco,"['legalconsultancy.net', 'legalconsultancy.co', 'sanzone.com']"
telemedicine platform in San Francisco,"['telemedicineplatform.org', 'telemedicineplatform.io', 'telemedicineplatform.biz']"
startup for pets in Dubai,"['petslink.store', 'startupio.biz', 'petshub.io']"
pet grooming service in Singapore,"['petgrooming.ai', 'servicehub.biz', 'petgrooming.net']"
cybersecurity service provider in Dubai,"['cybersecurityservice.store', 'cybersecurityservice.co', 'cybersecurityservice.io']"
telemedicine platform in San Francisco,"['telemedicineplatform.co', 'telemedicineplatform.org', 'platformzone.org']"
animal rescue organization in San Francisco,"['animalrescue.biz', 'rescuehub.io', 'animalrescue.io']"
wedding photography business in Berlin,"['businessify.com', 'businessbase.co', 'weddingphotography.biz']"
personal finance advisory in Berlin,"['financebase.com', 'personalfinance.ai', 'advisorylink.store']"
physiotherapy clinic in Berlin,"['berlinio.ai', 'physiotherapyclinic.store', 'berlinzone.co']"
VR gaming center in Dubai,"['centerhub.co', 'gamingbase.net', 'vrlink.ai']"
personal finance advisory in Toronto,"['personalfinance.co', 'personalfinance.ai', 'personalfinance.biz']"
vegan restaurant in Tokyo,"['restaurantio.com', 'restaurantlink.net', 'veganrestaurant.store']"
fitness center in Berlin,"['centerbase.io', 'fitnesszone.biz', 'fitnesscenter.biz']"
film production house in Dubai,"['filmproduction.org', 'filmproduction.net', 'filmlink.org']"
fitness center in New York,"['fitnesscenter.biz', 'fitnesscenter.co', 'fitnesscenter.net']"
micro-lending platform in Singapore,"['platformlink.ai', 'microlendinglink.store', 'microlendingplatform.org']"
digital marketing agency in Dubai,"['agencylink.ai', 'digitalhub.io', 'marketingzone.net']"
coffee in London,"['coffeebase.net', 'coffeelondon.com', 'coffeelondon.io']"
AI consulting firm in Tokyo,"['firmzone.ai', 'aihub.biz', 'consultingbase.com']"
investment firm in Berlin,"['firmlink.io', 'investmentlink.biz', 'investmenthub.ai']"
online bookstore in Dubai,"['onlinebookstore.net', 'onlinebookstore.biz', 'dubaizone.store']"
wedding photography business in San Francisco,"['businesszone.net', 'businessio.co', 'businessbase.ai']"
blockchain startup in London,"['blockchainlink.net', 'blockchainzone.co', 'blockchainstartup.biz']"
AI consulting firm in San Francisco,"['aibase.ai', 'aiconsulting.co', 'aiconsulting.ai']"
organic skincare brand in New York,"['skincareio.com', 'organicskincare.net', 'organicskincare.store']"
bakery and pastry shop in Singapore,"['bakerypastry.store', 'bakerypastry.co', 'bakerypastry.biz']"
wedding photography business in Paris,"['weddingphotography.net', 'businesszone.co', 'weddingphotography.io']"
gaming cafe in Berlin,"['gamingbase.com', 'berlinbase.biz', 'cafehub.store']"
cryptocurrency exchange in Paris,"['cryptocurrencyio.ai', 'parisbase.ai', 'exchangelink.store']"
home cleaning service in Toronto,"['cleaningbase.ai', 'homecleaning.co', 'homecleaning.ai']"
organic skincare brand in New York,"['organicskincare.net', 'brandio.ai', 'organicskincare.store']"
cloud solutions provider in San Francisco,"['cloudsolutions.biz', 'cloudsolutions.io', 'solutionsio.ai']"
organic skincare brand in Paris,"['organicio.com', 'skincareio.store', 'brandhub.co']"
fine dining restaurant in Berlin,"['restaurantzone.io', 'finedining.co', 'diningzone.biz']"
digital marketing agency in Singapore,"['digitalmarketing.co', 'agencybase.net', 'marketinglink.io']"
nonprofit for education in Tokyo,"['nonprofitio.store', 'tokyobase.io', 'educationify.com']"
investment firm in Singapore,"['investmentfirm.io', 'investmentfirm.org', 'singaporebase.io']"
coffee in Singapore,"['singaporeify.ai', 'coffeesingapore.ai', 'coffeeio.org']"
nonprofit for education in Singapore,"['educationlink.io', 'nonprofiteducation.net', 'nonprofiteducation.co']"
electronics store in Singapore,"['electronicsstore.org', 'electronicsstore.biz', 'electronicsstore.co']"
cloud solutions provider in San Francisco,"['solutionsify.store', 'providerlink.net', 'cloudsolutions.co']"
university consultancy in Dubai,"['universityconsultancy.biz', 'universityconsultancy.io', 'universityconsultancy.co']"
fast-food chain in Toronto,"['fastfoodbase.store', 'fastfoodchain.net', 'fastfoodzone.store']"
bakery and pastry shop in New York,"['bakeryhub.net', 'pastrylink.store', 'pastryify.com']"
cryptocurrency exchange in San Francisco,"['cryptocurrencyexchange.biz', 'cryptocurrencyify.store', 'cryptocurrencyexchange.org']"
VR gaming center in New York,"['centerbase.biz', 'vrgaming.biz', 'vrgaming.io']"
nonprofit for education in Paris,"['nonprofitify.co', 'nonprofiteducation.ai', 'nonprofiteducation.org']"
investment firm in Paris,"['investmentfirm.biz', 'parisify.ai', 'firmzone.io']"
university consultancy in New York,"['consultancyio.co', 'consultancyio.biz', 'universityconsultancy.store']"
yoga studio in Paris,"['studiobase.io', 'pariszone.store', 'yogastudio.io']"
ice cream parlor in San Francisco,"['icebase.com', 'icecream.net', 'iceify.net']"
video streaming platform in Berlin,"['videostreaming.com', 'videostreaming.biz', 'videostreaming.co']"
cloud solutions provider in Berlin,"['cloudsolutions.org', 'cloudify.org', 'cloudsolutions.co']"
educational game developer in Singapore,"['educationalgame.biz', 'gameio.net', 'educationalgame.store']"
ice cream parlor in Toronto,"['parlorify.store', 'iceify.net', 'icezone.co']"
legal consultancy in Singapore,"['consultancyio.co', 'legalconsultancy.ai', 'legalbase.biz']"
music label in Berlin,"['berlinbase.co', 'musiclabel.net', 'labelbase.org']"
university consultancy in Tokyo,"['universityconsultancy.com', 'universityconsultancy.org', 'universityio.io']"
micro-lending platform in Tokyo,"['platformhub.org', 'microlendingplatform.biz', 'tokyohub.co']"
organic coffee shop in Toronto,"['organiccoffee.io', 'coffeehub.store', 'organiccoffee.store']"
pet grooming service in Toronto,"['petgrooming.ai', 'servicehub.ai', 'groomingify.net']"
video streaming platform in Toronto,"['videostreaming.org', 'videostreaming.biz', 'streaminghub.biz']"
coworking space in Berlin,"['spaceio.net', 'coworkingspace.co', 'coworkingspace.biz']"
blockchain startup in Tokyo,"['blockchainbase.com', 'blockchainstartup.io', 'startupbase.co']"
insurance brokerage in Tokyo,"['brokeragebase.io', 'tokyolink.com', 'insuranceify.net']"
fast-food chain in London,"['chainhub.store', 'fastfoodchain.org', 'fastfoodify.com']"
digital marketing agency in London,"['agencybase.io', 'digitalmarketing.ai', 'digitalbase.store']"
nonprofit for education in Dubai,"['nonprofiteducation.com', 'nonprofitlink.org', 'dubaiio.net']"
ice cream parlor in London,"['creamhub.ai', 'iceify.com', 'icecream.ai']"
legal consultancy in San Francisco,"['sanlink.ai', 'legalconsultancy.ai', 'legalconsultancy.store']"
coding bootcamp in Dubai,"['codingbootcamp.biz', 'dubaiio.co', 'bootcampio.biz']"
home cleaning service in Singapore,"['cleaningio.biz', 'homebase.com', 'cleaningzone.store']"
language tutoring service in London,"['languagebase.net', 'languageio.com', 'languagetutoring.org']"
startup for pets in San Francisco,"['petsify.co', 'startupify.ai', 'startuppets.org']"
investment firm in Berlin,"['investmentfirm.net', 'investmentzone.org', 'firmio.store']"
educational game developer in Paris,"['educationalgame.ai', 'developerbase.biz', 'educationalgame.com']"
telemedicine platform in Dubai,"['telemedicineplatform.co', 'telemedicineplatform.io', 'telemedicineplatform.net']"
real estate agency in Tokyo,"['agencybase.biz', 'realestate.org', 'realestate.ai']"
digital marketing agency in Tokyo,"['digitalify.ai', 'agencyhub.org', 'agencyhub.ai']"
VR gaming center in Toronto,"['gaminghub.com', 'gamingbase.io', 'vrgaming.net']"
language tutoring service in New York,"['tutoringhub.biz', 'servicelink.org', 'serviceify.io']"
digital art marketplace in Singapore,"['marketplaceio.org', 'digitalart.org', 'digitallink.co']"
educational game developer in Dubai,"['gameify.store', 'educationalgame.co', 'gameio.io']"
animal rescue organization in Berlin,"['animalrescue.biz', 'animalrescue.net', 'animalrescue.ai']"
investment firm in Paris,"['firmbase.biz', 'parisbase.store', 'investmentfirm.com']"
real estate agency in Dubai,"['agencyio.org', 'realestate.io', 'realestate.biz']"
nutrition coaching in San Francisco,"['nutritioncoaching.co', 'sanify.org', 'coachingzone.biz']"
coding bootcamp in Singapore,"['codingbootcamp.org', 'codingbootcamp.net', 'codingbootcamp.store']"
luxury watch retailer in Dubai,"['luxurylink.biz', 'luxurywatch.com', 'luxuryio.store']"
nonprofit for education in Toronto,"['nonprofithub.org', 'educationio.ai', 'nonprofiteducation.io']"
luxury travel agency in Paris,"['travellink.org', 'agencyhub.ai', 'luxurytravel.io']"
fitness center in London,"['londonbase.biz', 'fitnesscenter.io', 'fitnesscenter.net']"
micro-lending platform in Singapore,"['microlendingplatform.ai', 'microlendingplatform.io', 'microlendingplatform.com']"
home cleaning service in London,"['homecleaning.com', 'homecleaning.biz', 'cleaningzone.ai']"
bakery and pastry shop in San Francisco,"['bakeryify.org', 'bakerypastry.io', 'bakerypastry.biz']"
vegan restaurant in Toronto,"['restaurantlink.io', 'torontoify.org', 'restaurantzone.net']"
micro-lending platform in Toronto,"['torontohub.ai', 'microlendingplatform.io', 'microlendinglink.org']"
vegan restaurant in Singapore,"['veganrestaurant.co', 'veganrestaurant.ai', 'veganrestaurant.com']"
vegan restaurant in San Francisco,"['veganlink.org', 'veganrestaurant.net', 'veganrestaurant.com']"
luxury travel agency in Berlin,"['luxurytravel.net', 'luxurytravel.com', 'travellink.co']"
wedding photography business in Dubai,"['weddingphotography.store', 'weddingphotography.org', 'photographyzone.io']"
cryptocurrency exchange in San Francisco,"['exchangeify.net', 'cryptocurrencyexchange.co', 'exchangebase.io']"
home decor shop in Berlin,"['decorzone.net', 'homedecor.store', 'decorhub.ai']"
pet grooming service in Dubai,"['serviceio.ai', 'petzone.io', 'petgrooming.biz']"
youth development program in Paris,"['youthdevelopment.net', 'developmentbase.co', 'youthdevelopment.biz']"
vegan restaurant in Singapore,"['veganrestaurant.store', 'veganio.io', 'restaurantbase.ai']"
yoga studio in Berlin,"['yogastudio.org', 'yogastudio.com', 'studiolink.ai']"
investment firm in Tokyo,"['firmify.store', 'investmentfirm.org', 'tokyolink.ai']"
nonprofit for education in Paris,"['parislink.biz', 'nonprofiteducation.com', 'nonprofiteducation.ai']"
organic skincare brand in Singapore,"['skincareify.co', 'organicskincare.io', 'organicskincare.com']"
podcast production company in Berlin,"['podcastproduction.net', 'productionzone.net', 'productionzone.io']"
educational game developer in Berlin,"['educationalbase.ai', 'educationalgame.biz', 'educationalgame.store']"
fine dining restaurant in Toronto,"['finehub.store', 'finedining.ai', 'finedining.net']"
video streaming platform in Singapore,"['platformbase.org', 'streamingbase.org', 'videostreaming.co']"
nonprofit for education in London,"['educationio.ai', 'nonprofiteducation.ai', 'londonhub.co']"
digital marketing agency in Singapore,"['digitalmarketing.store', 'marketingzone.net', 'digitalmarketing.ai']"
fitness center in New York,"['centerify.io', 'fitnesscenter.io', 'fitnesscenter.net']"
cybersecurity service provider in Toronto,"['cybersecurityservice.store', 'cybersecuritybase.org', 'providerify.biz']"
online learning platform in New York,"['platformify.store', 'onlineify.org', 'learningify.biz']"
online learning platform in Toronto,"['onlinelearning.ai', 'learningify.co', 'learninglink.com']"
video streaming platform in Paris,"['videostreaming.com', 'videostreaming.biz', 'platformzone.org']"
fast-food chain in Toronto,"['fastfoodchain.com', 'torontolink.co', 'chainio.io']"
bakery and pastry shop in Toronto,"['bakeryio.store', 'bakerypastry.store', 'bakerypastry.io']"
wedding photography business in Toronto,"['weddingzone.org', 'businesslink.io', 'weddingphotography.org']"
insurance brokerage in London,"['insurancebrokerage.store', 'insurancebrokerage.io', 'insuranceify.biz']"
online learning platform in Tokyo,"['onlinelearning.com', 'learningbase.store', 'learninglink.store']"
telemedicine platform in Berlin,"['telemedicineplatform.ai', 'platformhub.io', 'berlinio.biz']"
digital art marketplace in London,"['digitalart.io', 'marketplaceify.net', 'digitalart.net']"
micro-lending platform in Toronto,"['microlendingplatform.ai', 'torontobase.biz', 'microlendingify.com']"
personal finance advisory in Dubai,"['personalfinance.io', 'personalfinance.com', 'financelink.biz']"
fashion boutique in London,"['fashionboutique.store', 'fashionboutique.co', 'boutiqueio.ai']"
blockchain startup in London,"['blockchainstartup.store', 'blockchainstartup.net', 'londonio.co']"
personal finance advisory in Dubai,"['personalfinance.io', 'personalify.store', 'personalfinance.org']"
event planning company in San Francisco,"['eventplanning.io', 'planninghub.com', 'eventplanning.biz']"
bakery and pastry shop in Tokyo,"['bakerylink.org', 'bakerypastry.co', 'bakerypastry.com']"
car rental service in London,"['carrental.biz', 'servicelink.io', 'carlink.net']"
nonprofit for education in Berlin,"['educationio.net', 'educationbase.com', 'nonprofiteducation.ai']"
fast-food chain in Berlin,"['fastfoodchain.io', 'chainzone.com', 'fastfoodify.co']"
music label in Singapore,"['labelbase.io', 'musicio.com', 'musiclabel.io']"
home decor shop in Paris,"['homedecor.com', 'shopify.ai', 'homeio.store']"
cryptocurrency exchange in Dubai,"['cryptocurrencyexchange.co', 'cryptocurrencyexchange.biz', 'cryptocurrencyexchange.io']"
youth development program in Paris,"['programio.io', 'programlink.io', 'developmentlink.store']"
nutrition coaching in Toronto,"['torontoio.com', 'nutritionify.io', 'nutritioncoaching.biz']"
language tutoring service in London,"['languagetutoring.net', 'languagetutoring.ai', 'languagetutoring.org']"
vegan restaurant in Berlin,"['veganio.store', 'berlinlink.co', 'veganrestaurant.store']"
luxury watch retailer in Paris,"['luxurywatch.co', 'luxurywatch.com', 'luxurywatch.store']"
organic coffee shop in London,"['organicify.store', 'coffeeio.ai', 'organiccoffee.co']"
education platform & training program with global outreach in San Francisco,"['link.store', 'io.org', 'educationplatform.net']"
online learning platform in Dubai,"['platformzone.com', 'onlinelearning.biz', 'onlinelearning.store']"
telemedicine platform in London,"['telemedicineplatform.co', 'platformzone.store', 'telemedicineplatform.net']"
VR gaming center in Berlin,"['centerlink.ai', 'vrgaming.com', 'centerhub.store']"
investment firm in London,"['investmentfirm.io', 'investmentfirm.biz', 'londonhub.co']"
youth development program in Toronto,"['youthdevelopment.ai', 'youthhub.com', 'youthify.net']"
real estate agency in Singapore,"['agencyzone.ai', 'realio.ai', 'realestate.store']"
podcast production company in Tokyo,"['productionio.ai', 'companyify.ai', 'productionio.biz']"
real estate agency in Berlin,"['realestate.com', 'realestate.store', 'reallink.ai']"
online bookstore in New York,"['bookstorezone.biz', 'onlinebookstore.ai', 'onlinebookstore.store']"
car rental service in Paris,"['carrental.io', 'servicezone.com', 'carrental.org']"
fashion boutique in Toronto,"['fashionboutique.biz', 'fashionboutique.com', 'fashionboutique.org']"
investment firm in New York,"['firmify.store', 'newhub.org', 'investmentfirm.com']"
startup for pets in Singapore,"['startuppets.co', 'startuppets.com', 'startuppets.net']"
film production house in Toronto,"['filmproduction.org', 'productionio.co', 'filmproduction.ai']"
pet grooming service in Singapore,"['petgrooming.org', 'groominghub.net', 'servicehub.net']"
web design agency in Toronto,"['designify.net', 'webdesign.store', 'webdesign.ai']"
cryptocurrency exchange in Tokyo,"['tokyoio.ai', 'cryptocurrencyhub.org', 'cryptocurrencyexchange.store']"
fitness center in Singapore,"['fitnesscenter.io', 'singaporelink.store', 'fitnesscenter.net']"
home decor shop in Tokyo,"['homedecor.ai', 'homedecor.store', 'homebase.ai']"
real estate agency in Toronto,"['reallink.store', 'realestate.io', 'estatebase.co']"
investment firm in Berlin,"['berlinify.com', 'investmentfirm.net', 'firmhub.org']"
yoga studio in Tokyo,"['yogastudio.net', 'yogastudio.com', 'yogastudio.ai']"
online bookstore in Berlin,"['onlinebookstore.co', 'onlinezone.biz', 'berlinify.net']"
organic coffee shop in Singapore,"['shophub.biz', 'organiccoffee.org', 'organiccoffee.store']"
VR gaming center in Dubai,"['vrgaming.biz', 'gamingzone.co', 'vrzone.store']"
video streaming platform in London,"['videostreaming.org', 'videostreaming.store', 'streamingify.store']"
cryptocurrency exchange in New York,"['cryptocurrencyexchange.net', 'cryptocurrencyexchange.io', 'cryptocurrencyexchange.org']"
music label in Tokyo,"['musiclabel.com', 'musicbase.io', 'tokyoio.org']"
coffee in London,"['londonzone.biz', 'coffeelondon.org', 'coffeelondon.io']"
music label in Tokyo,"['labelhub.biz', 'musiclabel.ai', 'musiclabel.org']"
health awareness campaign in New York,"['healthawareness.net', 'healthawareness.com', 'healthawareness.ai']"
bakery and pastry shop in London,"['bakeryify.co', 'bakerypastry.org', 'pastrylink.store']"
food truck business in New York,"['truckzone.io', 'businesshub.co', 'businesshub.com']"
nutrition coaching in New York,"['nutritioncoaching.ai', 'nutritioncoaching.org', 'nutritioncoaching.com']"
university consultancy in San Francisco,"['consultancylink.com', 'universityconsultancy.com', 'universityconsultancy.org']"
educational game developer in New York,"['developerify.io', 'educationalgame.biz', 'educationalgame.store']"
education platform & training program with global outreach in Dubai,"['hub.com', 'educationhub.io', 'link.ai']"
nutrition coaching in Tokyo,"['nutritionlink.ai', 'nutritioncoaching.org', 'nutritionhub.com']"
physiotherapy clinic in Berlin,"['clinicify.store', 'physiotherapyclinic.org', 'physiotherapylink.net']"
insurance brokerage in Tokyo,"['insurancebrokerage.com', 'insurancebrokerage.co', 'insurancebrokerage.biz']"
personal finance advisory in Dubai,"['personalfinance.com', 'personalfinance.ai', 'advisoryzone.org']"
telemedicine platform in Toronto,"['platformbase.io', 'torontohub.net', 'telemedicineio.store']"
fast-food chain in San Francisco,"['fastfoodzone.biz', 'sanify.biz', 'fastfoodchain.biz']"
physiotherapy clinic in Singapore,"['physiotherapyclinic.co', 'physiotherapyclinic.com', 'physiotherapylink.com']"
environmental NGO in Dubai,"['environmentalzone.ai', 'environmentalngo.store', 'environmentalbase.io']"
investment firm in New York,"['newhub.net', 'investmentbase.com', 'firmlink.net']"
organic skincare brand in Tokyo,"['organicskincare.net', 'brandzone.io', 'organicskincare.org']"
mental health counseling service in Paris,"['counselingzone.com', 'healthlink.org', 'mentalhealth.co']"
home cleaning service in New York,"['homebase.io', 'homecleaning.co', 'homecleaning.store']"
vegan restaurant in Toronto,"['veganrestaurant.biz', 'torontoio.io', 'veganrestaurant.io']"
SEO optimization firm in Dubai,"['seozone.co', 'optimizationio.biz', 'seooptimization.com']"
food truck business in New York,"['foodify.net', 'foodhub.store', 'truckhub.com']"
coding bootcamp in London,"['codinghub.net', 'codingbootcamp.io', 'bootcampzone.co']"
web design agency in San Francisco,"['webhub.net', 'webdesign.org', 'webdesign.ai']"
organic coffee shop in London,"['organiccoffee.net', 'shopzone.net', 'shoplink.org']"
cybersecurity service provider in Toronto,"['providerlink.biz', 'cybersecurityservice.com', 'providerify.store']"
coffee in Tokyo,"['tokyohub.net', 'tokyozone.biz', 'tokyolink.com']"
luxury travel agency in New York,"['agencyify.net', 'travelhub.co', 'travelzone.co']"
mental health counseling service in Paris,"['mentalhealth.co', 'counselinghub.io', 'mentalhealth.biz']"
event planning company in New York,"['eventplanning.io', 'eventbase.io', 'eventplanning.ai']"
fine dining restaurant in Toronto,"['restauranthub.store', 'finedining.ai', 'finelink.store']"
cloud solutions provider in Tokyo,"['providerify.biz', 'cloudsolutions.io', 'cloudsolutions.net']"
SEO optimization firm in Toronto,"['seooptimization.io', 'optimizationzone.ai', 'firmio.io']"
VR gaming center in Toronto,"['centerlink.store', 'gaminglink.co', 'vrgaming.net']"
video streaming platform in Paris,"['platformbase.biz', 'videoio.net', 'videostreaming.co']"
electronics store in London,"['electronicsstore.com', 'storeify.io', 'electronicsstore.co']"
luxury watch retailer in San Francisco,"['retailerzone.store', 'luxurywatch.com', 'luxuryify.com']"
organic coffee shop in Toronto,"['coffeebase.net', 'shopio.net', 'organiccoffee.com']"
digital marketing agency in Singapore,"['digitalmarketing.store', 'marketinghub.org', 'digitallink.io']"
gaming cafe in New York,"['gamingcafe.com', 'gamingcafe.net', 'newbase.biz']"
cryptocurrency exchange in Toronto,"['cryptocurrencyexchange.co', 'cryptocurrencyio.co', 'cryptocurrencybase.store']"
legal consultancy in Tokyo,"['consultancylink.com', 'legalbase.ai', 'legalconsultancy.ai']"
home decor shop in London,"['decorify.net', 'decorify.store', 'shopbase.com']"
vegan restaurant in New York,"['veganlink.org', 'restaurantzone.store', 'newify.ai']"
luxury watch retailer in Singapore,"['luxuryify.co', 'luxuryzone.store', 'luxurylink.org']"
gaming cafe in New York,"['gamingcafe.biz', 'gaminglink.com', 'cafebase.io']"
youth development program in San Francisco,"['youthdevelopment.io', 'programio.ai', 'youthzone.io']"
nutrition coaching in Tokyo,"['coachinghub.store', 'coachinglink.biz', 'nutritioncoaching.co']"
youth development program in New York,"['developmentio.co', 'youthdevelopment.biz', 'programzone.ai']"
coworking space in Paris,"['spacehub.store', 'coworkingspace.store', 'coworkingspace.ai']"
telemedicine platform in New York,"['newify.org', 'newlink.store', 'telemedicineplatform.net']"
blockchain startup in Dubai,"['dubailink.net', 'startupbase.com', 'blockchainstartup.biz']"
organic coffee shop in San Francisco,"['organiclink.org', 'organiccoffee.biz', 'organiccoffee.co']"
wedding photography business in San Francisco,"['photographylink.co', 'weddingzone.com', 'weddingphotography.io']"
legal consultancy in Dubai,"['legalconsultancy.net', 'legalzone.store', 'legalzone.com']"
environmental NGO in Singapore,"['environmentalngo.io', 'environmentalngo.net', 'environmentalzone.co']"
organic skincare brand in Paris,"['organicbase.net', 'organicskincare.com', 'organicskincare.org']"
home cleaning service in San Francisco,"['homeio.ai', 'homecleaning.io', 'homecleaning.store']"
gaming cafe in Toronto,"['gamingcafe.com', 'torontoio.io', 'cafebase.com']"
car rental service in Dubai,"['carrental.store', 'carrental.net', 'carrental.co']"
home cleaning service in New York,"['servicelink.com', 'homezone.io', 'homecleaning.io']"
animal rescue organization in London,"['rescuebase.store', 'animallink.com', 'animalrescue.ai']"
real estate agency in Paris,"['realestate.net', 'estateio.biz', 'realestate.biz']"
cybersecurity service provider in Tokyo,"['cybersecurityzone.io', 'cybersecurityservice.com', 'cybersecurityservice.io']"
gaming cafe in London,"['cafeio.net', 'gamingcafe.biz', 'londonio.org']"
cybersecurity service provider in London,"['cybersecurityify.com', 'cybersecurityservice.co', 'cybersecurityzone.co']"
AI consulting firm in Dubai,"['aiconsulting.org', 'aiconsulting.co', 'aiconsulting.ai']"
podcast production company in Berlin,"['podcastify.ai', 'podcastproduction.com', 'companybase.io']"
digital marketing agency in New York,"['digitalmarketing.com', 'digitalmarketing.org', 'marketingbase.net']"
mobile app development company in Berlin,"['mobilelink.store', 'developmentzone.io', 'mobilelink.org']"
SEO optimization firm in Paris,"['seooptimization.ai', 'seooptimization.store', 'seooptimization.co']"
SEO optimization firm in London,"['optimizationzone.io', 'seooptimization.store', 'seohub.org']"
mental health counseling service in Toronto,"['mentalhealth.co', 'counselingbase.ai', 'mentalhealth.com']"
online learning platform in New York,"['learninghub.co', 'onlinelearning.biz', 'platformio.io']"
yoga studio in Paris,"['yogastudio.net', 'parislink.io', 'parisio.io']"
cryptocurrency exchange in Singapore,"['cryptocurrencyexchange.biz', 'exchangehub.io', 'cryptocurrencyio.co']"
youth development program in Tokyo,"['youthify.co', 'youthdevelopment.com', 'youthdevelopment.store']"
health awareness campaign in Toronto,"['healthawareness.net', 'campaignbase.biz', 'campaignify.io']"
podcast production company in San Francisco,"['podcastproduction.ai', 'companyzone.ai', 'podcastproduction.com']"
film production house in Berlin,"['filmbase.biz', 'houseio.co', 'housebase.org']"
luxury watch retailer in Singapore,"['retailerio.org', 'luxurywatch.store', 'luxurybase.com']"
digital art marketplace in San Francisco,"['artio.com', 'artify.org', 'marketplacehub.ai']"
university consultancy in Toronto,"['universityconsultancy.biz', 'torontolink.com', 'consultancyio.net']"
education platform & training program with global outreach in Toronto,"['educationhub.io', 'educationify.org', 'platformhub.com']"
pet grooming service in Tokyo,"['petgrooming.co', 'petgrooming.biz', 'groominglink.com']"
gaming cafe in Paris,"['gamingcafe.com', 'cafeify.com', 'cafeify.co']"
animal rescue organization in Berlin,"['animallink.net', 'organizationlink.store', 'organizationzone.net']"
cloud solutions provider in Berlin,"['cloudsolutions.org', 'cloudsolutions.io', 'cloudsolutions.net']"
AI-powered healthcare solution for elderly in rural areas in Toronto,"['aipoweredhealthcare.store', 'aipoweredhealthcare.co', 'solutionlink.ai']"
luxury travel agency in Dubai,"['luxuryzone.ai', 'luxurytravel.org', 'luxurytravel.biz']"
online learning platform in Berlin,"['onlinelearning.org', 'learninglink.store', 'onlinebase.org']"
fitness center in Berlin,"['berlinify.ai', 'fitnesscenter.org', 'fitnesscenter.co']"
car rental service in Dubai,"['serviceify.io', 'rentallink.org', 'carrental.com']"
online learning platform in Singapore,"['learninghub.co', 'platformbase.store', 'platformio.store']"
SEO optimization firm in London,"['seooptimization.net', 'seobase.io', 'seooptimization.org']"
mobile app development company in Berlin,"['appify.net', 'mobilehub.biz', 'mobileapp.biz']"
fast-food chain in Singapore,"['singaporebase.co', 'fastfoodchain.ai', 'singaporelink.com']"
language tutoring service in Paris,"['tutoringzone.ai', 'servicebase.net', 'serviceify.org']"
insurance brokerage in Toronto,"['insurancebrokerage.io', 'insurancebrokerage.org', 'insurancebrokerage.ai']"
real estate agency in Berlin,"['agencylink.org', 'estatezone.ai', 'realio.net']"
gaming cafe in London,"['gamingcafe.io', 'cafebase.com', 'gamingcafe.org']"
film production house in London,"['filmproduction.org', 'filmproduction.biz', 'filmproduction.ai']"
gaming cafe in Berlin,"['gamingcafe.net', 'gamingcafe.co', 'cafezone.store']"
organic coffee shop in Paris,"['organiclink.store', 'organiccoffee.org', 'organicify.store']"
startup for pets in Tokyo,"['startuppets.ai', 'startuphub.ai', 'startuppets.co']"
home decor shop in Dubai,"['decorzone.io', 'shopify.store', 'decorify.org']"
investment firm in Paris,"['investmentfirm.io', 'firmio.org', 'investmentfirm.com']"
startup for pets in London,"['startuppets.io', 'startupzone.store', 'petslink.com']"
insurance brokerage in London,"['insurancebrokerage.org', 'brokerageify.net', 'londonlink.co']"
physiotherapy clinic in Singapore,"['clinicify.io', 'singaporezone.store', 'physiotherapyclinic.store']"
electronics store in Dubai,"['storehub.co', 'dubaihub.co', 'storezone.io']"
car rental service in Paris,"['carrental.io', 'rentalhub.io', 'carrental.ai']"
film production house in Paris,"['filmproduction.com', 'productionio.store', 'productionify.co']"
fitness center in New York,"['fitnesslink.net', 'newlink.store', 'newify.com']"
electronics store in London,"['electronicsstore.com', 'londonify.com', 'electronicsstore.net']"
coffee in Dubai,"['coffeedubai.com', 'dubailink.com', 'dubaiio.co']"
digital art marketplace in Berlin,"['digitalart.ai', 'artify.org', 'digitalzone.io']"
coffee in Singapore,"['singaporehub.store', 'coffeesingapore.biz', 'singaporeify.store']"
yoga studio in San Francisco,"['yogastudio.net', 'yogastudio.io', 'yogastudio.com']"
VR gaming center in Berlin,"['vrgaming.ai', 'gamingify.io', 'vrgaming.biz']"
educational game developer in Singapore,"['developerify.ai', 'educationalgame.io', 'educationalgame.net']"
event planning company in Toronto,"['eventplanning.io', 'eventplanning.ai', 'planningify.org']"
investment firm in London,"['investmentfirm.biz', 'investmentzone.co', 'investmentfirm.co']"
video streaming platform in London,"['platformlink.biz', 'videostreaming.ai', 'videostreaming.co']"
electronics store in London,"['electronicsstore.org', 'electronicsstore.ai', 'electronicszone.ai']"
mental health counseling service in New York,"['healthify.org', 'mentalhealth.net', 'counselinghub.net']"
legal consultancy in London,"['legalconsultancy.co', 'legalify.store', 'legalconsultancy.net']"
educational game developer in Berlin,"['gamebase.ai', 'gamebase.store', 'educationalgame.co']"
gaming cafe in Paris,"['gamingcafe.ai', 'parislink.ai', 'gamingcafe.biz']"
ice cream parlor in Tokyo,"['icecream.io', 'icecream.store', 'icecream.co']"
luxury travel agency in San Francisco,"['agencybase.co', 'luxurytravel.store', 'luxurytravel.org']"
pet grooming service in Toronto,"['servicehub.co', 'petify.store', 'servicezone.io']"
cryptocurrency exchange in San Francisco,"['cryptocurrencyio.io', 'exchangeify.biz', 'sanbase.net']"
digital marketing agency in Singapore,"['digitalmarketing.com', 'digitalmarketing.io', 'digitalmarketing.ai']"
pet grooming service in Paris,"['petio.com', 'groomingio.io', 'petlink.com']"
luxury travel agency in Berlin,"['luxurytravel.net', 'luxurytravel.com', 'travellink.biz']"
health awareness campaign in Singapore,"['campaignbase.net', 'campaignbase.com', 'healthio.store']"
blockchain startup in London,"['blockchainstartup.net', 'blockchainstartup.io', 'blockchainstartup.biz']"
organic coffee shop in London,"['shopbase.biz', 'organicify.biz', 'organiccoffee.com']"
language tutoring service in Tokyo,"['serviceify.co', 'tutoringify.com', 'tutoringbase.store']"
fitness center in Paris,"['fitnessify.store', 'centerbase.ai', 'fitnesscenter.biz']"
web design agency in Tokyo,"['webdesign.org', 'webdesign.store', 'designify.com']"
coworking space in Paris,"['coworkingify.ai', 'spacehub.org', 'coworkingspace.biz']"
investment firm in Dubai,"['investmentfirm.io', 'firmio.ai', 'firmify.net']"
language tutoring service in Toronto,"['languagetutoring.ai', 'tutoringlink.com', 'languagehub.net']"
fast-food chain in San Francisco,"['fastfoodchain.co', 'fastfoodify.org', 'fastfoodzone.co']"
music label in Tokyo,"['musiclink.co', 'musiclabel.ai', 'musiclabel.org']"
animal rescue organization in Toronto,"['organizationzone.io', 'rescueio.net', 'animalrescue.ai']"
coworking space in San Francisco,"['coworkingspace.io', 'coworkingspace.store', 'spaceify.ai']"
VR gaming center in Dubai,"['vrbase.org', 'vrify.net', 'vrgaming.net']"
fitness center in Tokyo,"['fitnesscenter.store', 'centerbase.co', 'fitnesscenter.net']"
environmental NGO in Singapore,"['environmentalngo.net', 'environmentalngo.io', 'singaporehub.net']"
digital art marketplace in Tokyo,"['digitalart.store', 'digitalart.ai', 'digitalart.org']"
cryptocurrency exchange in London,"['cryptocurrencyexchange.net', 'londonzone.co', 'cryptocurrencyexchange.store']"
organic coffee shop in Tokyo,"['shopzone.io', 'organicbase.store', 'organiccoffee.ai']"
event planning company in San Francisco,"['planningify.ai', 'companyhub.store', 'eventplanning.co']"
organic coffee shop in Tokyo,"['coffeeify.com', 'organiccoffee.store', 'organiccoffee.ai']"
online bookstore in San Francisco,"['onlinebookstore.net', 'onlinezone.io', 'onlinehub.com']"
personal finance advisory in Dubai,"['personalfinance.com', 'advisoryify.com', 'advisoryzone.net']"
digital art marketplace in San Francisco,"['digitalart.com', 'artlink.io', 'digitalart.biz']"
fast-food chain in Berlin,"['fastfoodchain.io', 'berlinify.ai', 'fastfoodchain.net']"
coworking space in Singapore,"['coworkingio.org', 'spaceify.ai', 'spaceify.org']"
AI consulting firm in Toronto,"['firmzone.store', 'aiconsulting.ai', 'aiconsulting.com']"
language tutoring service in San Francisco,"['languagetutoring.com', 'languagehub.io', 'serviceio.org']"
car rental service in London,"['carhub.biz', 'serviceio.net', 'carlink.io']"
event planning company in Dubai,"['eventplanning.org', 'eventplanning.io', 'eventbase.biz']"
nonprofit for education in London,"['londonbase.ai', 'nonprofitlink.org', 'nonprofiteducation.biz']"
film production house in Toronto,"['filmlink.io', 'houseify.io', 'filmproduction.co']"
nutrition coaching in New York,"['nutritioncoaching.ai', 'newio.ai', 'nutritionhub.co']"
educational game developer in Dubai,"['developerhub.ai', 'educationalgame.io', 'gamezone.com']"
animal rescue organization in Tokyo,"['animalrescue.store', 'animalrescue.io', 'animalrescue.ai']"
cryptocurrency exchange in San Francisco,"['cryptocurrencyexchange.co', 'exchangebase.io', 'cryptocurrencyexchange.store']"
event planning company in Dubai,"['companylink.io', 'eventplanning.ai', 'companybase.store']"
cloud solutions provider in London,"['solutionslink.store', 'cloudsolutions.org', 'providerio.biz']"
SEO optimization firm in Tokyo,"['seooptimization.net', 'seooptimization.store', 'optimizationio.ai']"
web design agency in Tokyo,"['designlink.com', 'webdesign.store', 'weblink.net']"
organic skincare brand in New York,"['organicskincare.com', 'brandio.biz', 'organicskincare.biz']"
education platform & training program with global outreach in New York,"['educationplatform.com', 'educationplatform.net', 'educationplatform.org']"
digital marketing agency in Paris,"['digitalmarketing.com', 'agencyzone.co', 'digitalio.io']"
SEO optimization firm in New York,"['seoify.net', 'seooptimization.com', 'seohub.org']"
fitness center in Singapore,"['fitnesslink.ai', 'fitnesshub.io', 'fitnesscenter.co']"
blockchain startup in Berlin,"['berlinzone.biz', 'blockchainstartup.io', 'startupbase.net']"
nutrition coaching in Paris,"['parisio.ai', 'parishub.net', 'nutritioncoaching.biz']"
online learning platform in New York,"['onlinebase.ai', 'learninglink.com', 'onlinebase.store']"
nutrition coaching in Singapore,"['nutritioncoaching.store', 'nutritioncoaching.com', 'nutritionzone.org']"
wedding photography business in Paris,"['weddingzone.co', 'weddingphotography.biz', 'weddingphotography.ai']"
coding bootcamp in Tokyo,"['tokyobase.org', 'bootcamphub.store', 'tokyohub.com']"
bakery and pastry shop in San Francisco,"['bakeryio.net', 'bakerypastry.io', 'bakerypastry.biz']"
pet grooming service in London,"['petgrooming.ai', 'servicehub.com', 'petgrooming.org']"
online learning platform in London,"['learningbase.org', 'onlinelearning.io', 'onlinebase.org']"
physiotherapy clinic in New York,"['physiotherapyclinic.ai', 'physiotherapyclinic.biz', 'newify.co']"
blockchain startup in Singapore,"['singaporeify.org', 'blockchainstartup.io', 'blockchainstartup.biz']"
nutrition coaching in Berlin,"['nutritioncoaching.org', 'berlinhub.biz', 'nutritionify.net']"
car rental service in Singapore,"['carrental.io', 'cario.org', 'rentallink.store']"
film production house in Singapore,"['filmproduction.com', 'filmproduction.biz', 'filmlink.org']"
micro-lending platform in Dubai,"['platformbase.biz', 'microlendingplatform.co', 'platformbase.store']"
pet grooming service in Singapore,"['petgrooming.org', 'petify.store', 'petgrooming.io']"
investment firm in New York,"['firmzone.org', 'investmentify.io', 'investmentfirm.co']"
VR gaming center in Berlin,"['gaminglink.biz', 'vrgaming.com', 'vrgaming.io']"
coding bootcamp in New York,"['newify.net', 'newzone.org', 'codingbootcamp.store']"
pet grooming service in London,"['serviceio.io', 'petgrooming.biz', 'petgrooming.net']"
pet grooming service in New York,"['servicezone.store', 'petgrooming.io', 'groomingify.co']"
coding bootcamp in Tokyo,"['bootcamplink.ai', 'codingbootcamp.io', 'bootcampzone.io']"
mobile app development company in Dubai,"['mobileapp.org', 'developmentzone.com', 'appio.io']"
VR gaming center in Toronto,"['vrgaming.store', 'vrgaming.net', 'vrzone.store']"
organic skincare brand in New York,"['organicskincare.net', 'organicskincare.ai', 'organicskincare.org']"
physiotherapy clinic in San Francisco,"['physiotherapyclinic.biz', 'physiotherapyclinic.org', 'physiotherapyio.org']"
legal consultancy in Dubai,"['legalconsultancy.io', 'consultancyio.com', 'legalconsultancy.com']"
VR gaming center in San Francisco,"['vrgaming.io', 'vrgaming.com', 'centerify.ai']"
film production house in New York,"['filmify.store', 'productionify.ai', 'filmproduction.ai']"
personal finance advisory in Berlin,"['personalify.com', 'personalfinance.io', 'personalfinance.net']"
web design agency in Tokyo,"['agencyzone.ai', 'webdesign.net', 'webzone.store']"
bakery and pastry shop in London,"['bakerypastry.co', 'bakerylink.store', 'bakerypastry.biz']"
organic coffee shop in Paris,"['organiccoffee.net', 'organiccoffee.org', 'coffeeio.net']"
home cleaning service in Dubai,"['cleaningbase.com', 'homecleaning.net', 'homecleaning.store']"
blockchain startup in Tokyo,"['startuphub.io', 'startupbase.com', 'blockchainstartup.net']"
SEO optimization firm in Tokyo,"['seoify.net', 'seoify.store', 'seolink.io']"
VR gaming center in Berlin,"['vrbase.io', 'gaminglink.store', 'vrgaming.io']"
web design agency in London,"['webzone.net', 'designify.ai', 'webdesign.com']"
SEO optimization firm in Singapore,"['seooptimization.org', 'seohub.ai', 'optimizationify.io']"
cryptocurrency exchange in San Francisco,"['cryptocurrencyexchange.ai', 'sanzone.com', 'cryptocurrencyexchange.biz']"
wedding photography business in Paris,"['weddingphotography.biz', 'weddingphotography.io', 'businessbase.com']"
mobile app development company in Singapore,"['mobileapp.net', 'mobileapp.biz', 'appio.org']"
organic skincare brand in London,"['organicskincare.co', 'organicskincare.store', 'organicio.io']"
investment firm in Dubai,"['investmentfirm.net', 'investmentfirm.biz', 'investmentfirm.store']"
ice cream parlor in Dubai,"['icecream.org', 'parlorzone.com', 'parlorhub.net']"
blockchain startup in Berlin,"['blockchainhub.store', 'blockchainstartup.store', 'blockchainstartup.co']"
yoga studio in Singapore,"['yogastudio.net', 'singaporezone.store', 'yogalink.store']"
SEO optimization firm in San Francisco,"['firmhub.store', 'firmify.org', 'firmio.biz']"
animal rescue organization in Dubai,"['rescueio.org', 'animalify.ai', 'animalrescue.net']"
telemedicine platform in Singapore,"['telemedicineplatform.ai', 'telemedicineplatform.com', 'telemedicineplatform.biz']"
fitness center in Dubai,"['fitnesscenter.store', 'fitnesscenter.co', 'fitnesscenter.net']"
vegan restaurant in San Francisco,"['restaurantlink.biz', 'veganrestaurant.co', 'veganrestaurant.store']"
nonprofit for education in Toronto,"['nonprofiteducation.net', 'educationlink.ai', 'nonprofiteducation.biz']"
coworking space in New York,"['spacelink.io', 'newhub.net', 'spaceio.org']"
educational game developer in Berlin,"['educationalgame.io', 'developerio.net', 'educationalgame.org']"
university consultancy in Toronto,"['torontoio.net', 'universityconsultancy.com', 'torontoify.org']"
food truck business in Singapore,"['foodtruck.ai', 'businessify.biz', 'foodtruck.co']"
fast-food chain in San Francisco,"['fastfoodchain.io', 'fastfoodchain.ai', 'fastfoodchain.store']"
cybersecurity service provider in Dubai,"['cybersecuritylink.org', 'servicebase.biz', 'cybersecurityservice.biz']"
personal finance advisory in New York,"['personalhub.store', 'personalfinance.org', 'advisoryify.co']"
nonprofit for education in Tokyo,"['nonprofiteducation.net', 'nonprofiteducation.org', 'nonprofitio.ai']"
blockchain startup in Berlin,"['blockchainzone.store', 'blockchainhub.net', 'startuphub.ai']"
AI-powered healthcare solution for elderly in rural areas in Singapore,"['healthcarebase.ai', 'healthcarebase.io', 'solutionify.biz']"
pet grooming service in Toronto,"['groomingbase.store', 'groomingzone.net', 'petgrooming.com']"
nutrition coaching in Dubai,"['dubaizone.net', 'coachingify.com', 'nutritionify.biz']"
coworking space in New York,"['coworkingspace.io', 'coworkinglink.io', 'coworkingspace.biz']"
animal rescue organization in Toronto,"['animalrescue.net', 'animalrescue.biz', 'rescuehub.net']"
educational game developer in Dubai,"['educationalzone.io', 'educationalgame.io', 'educationallink.store']"
AI-powered healthcare solution for elderly in rural areas in Tokyo,"['aipoweredlink.com', 'solutionio.store', 'aipoweredhealthcare.co']"
coding bootcamp in London,"['codingbootcamp.com', 'codingbootcamp.org', 'londonzone.org']"
animal rescue organization in Singapore,"['animalrescue.org', 'organizationify.com', 'animalrescue.ai']"
home cleaning service in Paris,"['serviceio.com', 'servicelink.com', 'homecleaning.ai']"
legal consultancy in New York,"['consultancyhub.ai', 'legalconsultancy.store', 'legalbase.com']"
home cleaning service in Dubai,"['homecleaning.com', 'homecleaning.net', 'homecleaning.io']"
AI consulting firm in Berlin,"['firmify.io', 'aiconsulting.org', 'aiconsulting.ai']"
home cleaning service in New York,"['homecleaning.io', 'homecleaning.org', 'homecleaning.ai']"
gaming cafe in Toronto,"['gamingcafe.net', 'gamingcafe.co', 'gamingcafe.org']"
fine dining restaurant in Toronto,"['restaurantzone.io', 'finedining.store', 'finedining.org']"
bakery and pastry shop in Dubai,"['pastrylink.com', 'bakerypastry.net', 'bakerypastry.biz']"
yoga studio in San Francisco,"['yogastudio.com', 'studiolink.co', 'yogastudio.biz']"
luxury watch retailer in Paris,"['luxurywatch.co', 'luxurywatch.store', 'luxurywatch.ai']"
wedding photography business in Paris,"['weddingphotography.biz', 'businessio.biz', 'weddingphotography.com']"
AI consulting firm in Berlin,"['consultingify.store', 'aiify.store', 'aiconsulting.store']"
fine dining restaurant in Tokyo,"['finehub.store', 'dininghub.co', 'finedining.org']"
music label in New York,"['labellink.com', 'musicbase.biz', 'musiclabel.com']"
cybersecurity service provider in San Francisco,"['cybersecurityservice.co', 'cybersecurityservice.io', 'providerlink.biz']"
education platform & training program with global outreach in Paris,"['educationplatform.org', 'educationplatform.net', 'educationplatform.com']"
gaming cafe in Paris,"['gaminghub.ai', 'gamingcafe.biz', 'gamingcafe.io']"
organic skincare brand in Tokyo,"['brandzone.biz', 'brandlink.biz', 'organicskincare.biz']"
gaming cafe in Tokyo,"['gamingcafe.com', 'gamingbase.co', 'gamingcafe.co']"
physiotherapy clinic in Dubai,"['physiotherapyzone.co', 'clinicio.io', 'dubaizone.co']"
AI consulting firm in Berlin,"['consultingify.co', 'aiconsulting.biz', 'aiconsulting.com']"
startup for pets in Tokyo,"['startuplink.net', 'startuppets.store', 'tokyoify.net']"
cybersecurity service provider in New York,"['providerio.org', 'cybersecurityhub.co', 'servicehub.biz']"
real estate agency in Paris,"['realbase.org', 'realestate.co', 'realestate.com']"
wedding photography business in Toronto,"['weddinglink.biz', 'weddingphotography.org', 'weddingphotography.io']"
wedding photography business in San Francisco,"['weddingphotography.ai', 'weddingphotography.io', 'weddingphotography.com']"
educational game developer in Toronto,"['developerzone.co', 'educationalgame.ai', 'educationalgame.org']"
startup for pets in Berlin,"['petsify.org', 'petslink.store', 'berlinzone.io']"
fashion boutique in Berlin,"['boutiquezone.net', 'fashionhub.io', 'fashionboutique.org']"
vegan restaurant in Dubai,"['restaurantbase.store', 'veganrestaurant.ai', 'dubaizone.ai']"
music label in Tokyo,"['labellink.net', 'musiclabel.net', 'labelzone.ai']"
cybersecurity service provider in London,"['providerzone.store', 'cybersecuritybase.biz', 'cybersecurityservice.net']"
fitness center in Dubai,"['centerhub.biz', 'dubaizone.ai', 'centerlink.co']"
bakery and pastry shop in Dubai,"['bakeryhub.co', 'bakerypastry.net', 'bakerypastry.io']"
coding bootcamp in San Francisco,"['bootcampbase.net', 'codingbootcamp.org', 'codingbootcamp.net']"
SEO optimization firm in New York,"['seolink.net', 'seooptimization.org', 'seobase.store']"
educational game developer in Tokyo,"['educationallink.io', 'educationalgame.store', 'educationalgame.org']"
online learning platform in London,"['platformhub.net', 'onlinelearning.ai', 'onlinelearning.org']"
cloud solutions provider in Paris,"['cloudsolutions.store', 'cloudsolutions.ai', 'cloudlink.org']"
investment firm in Toronto,"['investmentfirm.io', 'investmentlink.ai', 'torontolink.io']"
legal consultancy in London,"['consultancylink.co', 'legalconsultancy.com', 'legalconsultancy.io']"
mobile app development company in San Francisco,"['mobileapp.store', 'mobileapp.com', 'apphub.ai']"
organic skincare brand in New York,"['organicskincare.com', 'brandlink.org', 'organicskincare.org']"
video streaming platform in Dubai,"['videostreaming.store', 'videostreaming.net', 'videostreaming.io']"
pet grooming service in Dubai,"['petgrooming.ai', 'petgrooming.net', 'servicelink.io']"
personal finance advisory in Berlin,"['financezone.net', 'advisoryzone.io', 'personalfinance.ai']"
ice cream parlor in Berlin,"['iceify.ai', 'icecream.biz', 'creamify.com']"
yoga studio in London,"['yogalink.org', 'yogastudio.org', 'studioify.co']"
blockchain startup in Berlin,"['startupify.com', 'blockchainstartup.net', 'startupbase.net']"
pet grooming service in New York,"['petgrooming.co', 'petgrooming.biz', 'serviceify.biz']"
legal consultancy in Singapore,"['consultancyio.co', 'singaporelink.io', 'legalhub.co']"
cloud solutions provider in Tokyo,"['cloudsolutions.org', 'solutionsio.co', 'cloudsolutions.io']"
real estate agency in Dubai,"['agencybase.co', 'estateify.store', 'realestate.com']"
food truck business in London,"['foodtruck.net', 'truckbase.biz', 'foodtruck.store']"
blockchain startup in Berlin,"['startuplink.io', 'blockchainstartup.io', 'blockchainstartup.net']"
organic skincare brand in San Francisco,"['brandbase.com', 'organicskincare.io', 'skincarezone.store']"
ice cream parlor in Paris,"['icecream.com', 'creamlink.com', 'icebase.ai']"
cryptocurrency exchange in London,"['cryptocurrencyexchange.co', 'cryptocurrencyexchange.io', 'cryptocurrencyexchange.org']"
vegan restaurant in San Francisco,"['veganrestaurant.biz', 'sanlink.ai', 'veganrestaurant.io']"
digital marketing agency in New York,"['agencyio.org', 'agencyzone.store', 'digitalmarketing.net']"
animal rescue organization in New York,"['rescuebase.io', 'animalrescue.biz', 'animalrescue.co']"
fashion boutique in Berlin,"['boutiquelink.org', 'fashionboutique.net', 'fashionboutique.co']"
mobile app development company in San Francisco,"['mobileapp.net', 'mobileapp.store', 'developmentify.co']"
film production house in Paris,"['filmproduction.org', 'houseio.com', 'filmio.io']"
fast-food chain in Toronto,"['fastfoodchain.org', 'fastfoodio.ai', 'chainio.org']"
VR gaming center in Dubai,"['vrbase.ai', 'centerhub.com', 'vrify.org']"
event planning company in Tokyo,"['eventhub.store', 'eventplanning.co', 'eventplanning.net']"
cryptocurrency exchange in London,"['cryptocurrencyexchange.net', 'cryptocurrencyexchange.io', 'cryptocurrencyexchange.store']"
organic coffee shop in Tokyo,"['coffeezone.org', 'organicbase.store', 'organiccoffee.com']"
environmental NGO in San Francisco,"['sanbase.com', 'environmentalngo.com', 'environmentalngo.co']"
car rental service in London,"['carrental.org', 'carrental.biz', 'servicezone.co']"
ice cream parlor in London,"['parlorzone.net', 'iceio.io', 'parlorlink.biz']"
youth development program in Tokyo,"['youthdevelopment.io', 'programhub.biz', 'programify.biz']"
health awareness campaign in Singapore,"['awarenesslink.ai', 'healthawareness.org', 'healthawareness.store']"
fast-food chain in Toronto,"['fastfoodchain.co', 'chainhub.ai', 'torontohub.biz']"
fitness center in San Francisco,"['fitnesscenter.com', 'fitnesscenter.store', 'sanbase.net']"
education platform & training program with global outreach in Tokyo,"['educationplatform.com', 'educationbase.biz', 'educationplatform.ai']"
yoga studio in New York,"['yogastudio.net', 'yogastudio.io', 'yogastudio.com']"
VR gaming center in Paris,"['vrgaming.org', 'vrgaming.biz', 'vrgaming.ai']"
real estate agency in Singapore,"['reallink.net', 'realestate.com', 'realestate.biz']"
cloud solutions provider in Berlin,"['solutionshub.org', 'cloudsolutions.ai', 'cloudsolutions.co']"
podcast production company in Tokyo,"['podcastproduction.ai', 'podcastproduction.io', 'podcastproduction.store']"
startup for pets in Berlin,"['berlinify.com', 'startuplink.ai', 'startuppets.com']"
educational game developer in New York,"['educationalify.org', 'educationalgame.net', 'educationalgame.org']"
SEO optimization firm in Berlin,"['optimizationzone.org', 'firmbase.co', 'seooptimization.store']"
car rental service in Toronto,"['carbase.net', 'carhub.com', 'carrental.co']"
home cleaning service in London,"['homehub.store', 'cleaningbase.ai', 'cleaninghub.com']"
SEO optimization firm in Singapore,"['optimizationlink.com', 'seolink.store', 'seooptimization.co']"
AI-powered healthcare solution for elderly in rural areas in Toronto,"['aipoweredhealthcare.com', 'aipoweredhealthcare.net', 'solutionlink.org']"
investment firm in Toronto,"['investmentfirm.biz', 'investmentfirm.com', 'investmentfirm.co']"
startup for pets in Paris,"['parisify.com', 'pariszone.biz', 'parisio.com']"
SEO optimization firm in London,"['seooptimization.net', 'seooptimization.store', 'optimizationify.io']"
cloud solutions provider in Singapore,"['cloudsolutions.store', 'cloudsolutions.ai', 'cloudsolutions.co']"
nutrition coaching in Paris,"['coachingify.co', 'nutritioncoaching.net', 'nutritionbase.ai']"
VR gaming center in Singapore,"['vrgaming.org', 'vrgaming.ai', 'centerzone.com']"
SEO optimization firm in Singapore,"['seooptimization.org', 'seooptimization.ai', 'seooptimization.com']"
car rental service in Tokyo,"['rentalify.biz', 'rentalhub.org', 'carrental.ai']"
educational game developer in London,"['educationalgame.net', 'gamelink.net', 'developerlink.net']"
car rental service in Tokyo,"['rentallink.biz', 'carlink.ai', 'carrental.co']"
music label in Singapore,"['musiclabel.io', 'musiclink.org', 'musiclabel.org']"
legal consultancy in Berlin,"['consultancyio.biz', 'berlinhub.com', 'legalconsultancy.ai']"
SEO optimization firm in Paris,"['firmlink.store', 'optimizationio.store', 'seooptimization.co']"
fashion boutique in San Francisco,"['boutiquebase.io', 'boutiquehub.ai', 'boutiquelink.co']"
SEO optimization firm in Dubai,"['seooptimization.io', 'seooptimization.store', 'seooptimization.net']"
fitness center in London,"['fitnesscenter.store', 'fitnesscenter.org', 'fitnessbase.io']"
organic skincare brand in Berlin,"['brandhub.io', 'organicbase.com', 'organicskincare.io']"
vegan restaurant in Singapore,"['veganlink.org', 'singaporezone.io', 'singaporehub.co']"
ice cream parlor in London,"['icehub.store', 'icecream.io', 'parlorbase.org']"
vegan restaurant in London,"['veganify.co', 'veganify.ai', 'veganrestaurant.org']"
personal finance advisory in Toronto,"['personalfinance.com', 'financezone.org', 'personalfinance.biz']"
bakery and pastry shop in Dubai,"['shopzone.ai', 'bakerypastry.org', 'shophub.org']"
nonprofit for education in New York,"['nonprofiteducation.com', 'nonprofitify.co', 'nonprofiteducation.co']"
fine dining restaurant in London,"['restaurantlink.org', 'finedining.co', 'finedining.biz']"
nonprofit for education in New York,"['nonprofiteducation.ai', 'nonprofiteducation.co', 'newify.io']"
food truck business in Berlin,"['foodtruck.com', 'businesszone.ai', 'foodio.net']"
fitness center in Paris,"['fitnesscenter.com', 'fitnesscenter.store', 'fitnesscenter.io']"
pet grooming service in Dubai,"['petgrooming.org', 'petgrooming.com', 'groomingbase.co']"
AI consulting firm in Paris,"['aiconsulting.biz', 'aiconsulting.store', 'firmlink.io']"
SEO optimization firm in San Francisco,"['seolink.io', 'seooptimization.store', 'seooptimization.com']"
blockchain startup in Tokyo,"['blockchainzone.biz', 'startupbase.net', 'blockchainstartup.ai']"
online learning platform in Dubai,"['learningio.ai', 'onlinelearning.io', 'onlinebase.store']"
VR gaming center in Berlin,"['vrzone.com', 'vrgaming.com', 'vrgaming.store']"
cloud solutions provider in Paris,"['providerlink.ai', 'cloudsolutions.com', 'solutionsify.co']"
ice cream parlor in New York,"['icecream.net', 'creamlink.com', 'icecream.ai']"
online bookstore in London,"['onlinebookstore.co', 'onlinebookstore.ai', 'onlinebookstore.org']"
cybersecurity service provider in London,"['cybersecurityservice.net', 'cybersecurityservice.co', 'providerify.co']"
digital marketing agency in London,"['digitalmarketing.org', 'marketingify.biz', 'digitalmarketing.net']"
AI-powered healthcare solution for elderly in rural areas in London,"['aipoweredhealthcare.io', 'aipoweredhealthcare.co', 'aipoweredhealthcare.com']"
yoga studio in San Francisco,"['sanlink.store', 'yogastudio.io', 'sanlink.io']"
mental health counseling service in Berlin,"['counselinglink.store', 'healthzone.co', 'mentalhealth.net']"
pet grooming service in Paris,"['servicebase.io', 'servicelink.com', 'groomingbase.co']"
home decor shop in Berlin,"['homedecor.net', 'homedecor.store', 'decorlink.co']"
yoga studio in Tokyo,"['tokyoify.org', 'yogastudio.io', 'yogastudio.biz']"
yoga studio in San Francisco,"['yogalink.biz', 'yogastudio.store', 'yogastudio.biz']"
mental health counseling service in San Francisco,"['counselingbase.co', 'healthhub.org', 'mentalhealth.org']"
yoga studio in London,"['yogastudio.store', 'yogastudio.org', 'yogahub.com']"
organic coffee shop in Tokyo,"['shophub.io', 'coffeehub.store', 'coffeezone.biz']"
car rental service in San Francisco,"['carrental.io', 'carrental.com', 'carrental.co']"
music label in Dubai,"['labelio.net', 'musiclabel.org', 'musiczone.net']"
health awareness campaign in New York,"['campaignlink.biz', 'healthzone.co', 'healthawareness.io']"
podcast production company in Dubai,"['companyzone.store', 'podcastproduction.io', 'companyhub.biz']"
blockchain startup in London,"['blockchainio.co', 'blockchainstartup.co', 'blockchainstartup.biz']"
nonprofit for education in London,"['nonprofithub.co', 'nonprofiteducation.co', 'nonprofiteducation.io']"
home cleaning service in San Francisco,"['cleaninglink.co', 'homeify.com', 'serviceio.org']"
language tutoring service in Singapore,"['languagetutoring.com', 'languagetutoring.io', 'languagetutoring.store']"
VR gaming center in San Francisco,"['vrbase.org', 'centerio.ai', 'vrgaming.com']"
AI-powered healthcare solution for elderly in rural areas in Dubai,"['aipoweredhealthcare.store', 'aipoweredhealthcare.com', 'aipoweredhealthcare.ai']"
food truck business in Paris,"['truckhub.net', 'foodtruck.net', 'foodtruck.io']"
blockchain startup in Toronto,"['blockchainstartup.com', 'blockchainio.ai', 'startupbase.org']"
food truck business in Singapore,"['foodtruck.net', 'truckbase.ai', 'truckify.org']"
real estate agency in New York,"['estatebase.io', 'agencylink.io', 'realestate.org']"
telemedicine platform in Tokyo,"['telemedicineio.ai', 'tokyoio.biz', 'telemedicineplatform.com']"
electronics store in Paris,"['electronicsstore.org', 'electronicsstore.io', 'electronicsify.ai']"
VR gaming center in Dubai,"['gaminghub.com', 'vrgaming.com', 'centerify.store']"
animal rescue organization in Dubai,"['animalrescue.co', 'rescuezone.co', 'organizationbase.org']"
luxury watch retailer in London,"['luxuryio.store', 'luxurywatch.store', 'luxurywatch.net']"
gaming cafe in New York,"['newio.biz', 'gamingcafe.co', 'gamingcafe.store']"
vegan restaurant in Dubai,"['veganrestaurant.biz', 'veganify.co', 'veganrestaurant.org']"
music label in Tokyo,"['tokyobase.biz', 'labelbase.store', 'labelbase.org']"
fast-food chain in Dubai,"['chainzone.biz', 'fastfoodchain.store', 'dubaiify.ai']"
fine dining restaurant in Tokyo,"['diningify.io', 'dininghub.io', 'restaurantzone.co']"
podcast production company in Dubai,"['podcastproduction.ai', 'podcastlink.ai', 'podcastproduction.com']"
vegan restaurant in Toronto,"['veganhub.net', 'restaurantzone.net', 'veganhub.ai']"
luxury travel agency in Dubai,"['travelzone.io', 'agencyzone.com', 'luxurytravel.io']"
legal consultancy in Paris,"['legalconsultancy.net', 'legalify.net', 'legalconsultancy.ai']"
VR gaming center in Singapore,"['vrgaming.org', 'vrgaming.co', 'centerbase.store']"
coffee in Paris,"['parislink.co', 'coffeeparis.org', 'coffeeparis.co']"
youth development program in San Francisco,"['youthdevelopment.org', 'youthhub.ai', 'youthdevelopment.net']"
home cleaning service in Paris,"['cleaningbase.store', 'homeio.biz', 'servicehub.io']"
vegan restaurant in Toronto,"['veganbase.store', 'restaurantlink.io', 'veganrestaurant.org']"
micro-lending platform in Berlin,"['microlendinghub.org', 'platformzone.co', 'microlendingplatform.store']"
fine dining restaurant in Tokyo,"['diningio.co', 'finezone.biz', 'finedining.biz']"
SEO optimization firm in Singapore,"['seooptimization.store', 'optimizationlink.biz', 'firmio.biz']"
startup for pets in Singapore,"['startuppets.biz', 'startuppets.com', 'startupbase.biz']"
vegan restaurant in London,"['londonzone.io', 'veganify.store', 'veganrestaurant.com']"
home decor shop in Paris,"['homedecor.store', 'decorify.co', 'homelink.net']"
legal consultancy in Dubai,"['legalconsultancy.co', 'dubaiio.com', 'legalconsultancy.com']"
fashion boutique in New York,"['fashionhub.co', 'boutiquezone.store', 'boutiquezone.net']"
educational game developer in Singapore,"['educationalhub.biz', 'developerio.io', 'educationalgame.com']"
educational game developer in Singapore,"['educationalhub.com', 'educationalgame.ai', 'educationalgame.net']"
online learning platform in Singapore,"['learninglink.io', 'platformhub.io', 'onlinelearning.co']"
personal finance advisory in Toronto,"['personalfinance.store', 'personallink.io', 'personalio.co']"
blockchain startup in Paris,"['parishub.io', 'blockchainstartup.org', 'startupbase.io']"
fast-food chain in Dubai,"['fastfoodchain.ai', 'chainhub.co', 'fastfoodchain.net']"
film production house in Toronto,"['filmproduction.org', 'productionhub.net', 'productionify.ai']"
real estate agency in Berlin,"['realbase.io', 'realestate.net', 'realestate.store']"
fashion boutique in Berlin,"['fashionhub.co', 'berlinlink.ai', 'fashionify.net']"
music label in London,"['musiclabel.com', 'londonlink.com', 'labellink.store']"
organic skincare brand in Berlin,"['organiczone.co', 'organicskincare.io', 'skincarehub.ai']"
mobile app development company in New York,"['mobileapp.net', 'mobileapp.ai', 'mobilebase.biz']"
video streaming platform in Dubai,"['videostreaming.io', 'streamingio.biz', 'videolink.org']"
film production house in Singapore,"['filmproduction.store', 'productionify.org', 'filmzone.org']"
web design agency in Toronto,"['webdesign.co', 'webdesign.org', 'webzone.com']"
mobile app development company in London,"['mobileapp.ai', 'developmenthub.ai', 'developmentbase.io']"
fitness center in San Francisco,"['sanbase.net', 'fitnesszone.com', 'centerio.net']"
digital art marketplace in Singapore,"['marketplacebase.co', 'digitalart.biz', 'digitalart.net']"
cryptocurrency exchange in Toronto,"['cryptocurrencyexchange.net', 'cryptocurrencyexchange.com', 'cryptocurrencyhub.io']"
fashion boutique in Dubai,"['fashionboutique.biz', 'fashionboutique.com', 'fashionlink.com']"
electronics store in Paris,"['electronicsstore.com', 'electronicsstore.biz', 'storehub.biz']"
luxury watch retailer in Tokyo,"['luxurylink.biz', 'luxurywatch.io', 'luxurywatch.store']"
food truck business in San Francisco,"['trucklink.io', 'truckbase.biz', 'foodio.net']"
online bookstore in Singapore,"['onlinebookstore.net', 'onlinebookstore.store', 'onlinelink.ai']"
online learning platform in New York,"['onlineify.store', 'learningify.co', 'onlinelearning.io']"
education platform & training program with global outreach in New York,"['educationbase.ai', 'educationplatform.biz', 'educationplatform.co']"
micro-lending platform in Dubai,"['microlendingzone.store', 'microlendingzone.io', 'microlendingplatform.org']"
nonprofit for education in Tokyo,"['educationify.biz', 'nonprofiteducation.store', 'educationify.ai']"
physiotherapy clinic in New York,"['physiotherapybase.org', 'clinicify.biz', 'newbase.io']"
music label in Dubai,"['labelify.net', 'musiczone.io', 'musiclabel.net']"
personal finance advisory in New York,"['personalfinance.io', 'advisorylink.ai', 'personalfinance.biz']"
digital art marketplace in New York,"['marketplacezone.net', 'digitalart.com', 'digitalify.co']"
car rental service in Paris,"['carify.biz', 'carrental.ai', 'rentalhub.ai']"
university consultancy in San Francisco,"['sanify.co', 'universityconsultancy.com', 'universityconsultancy.io']"
home decor shop in Paris,"['homezone.store', 'decorzone.net', 'homehub.io']"
micro-lending platform in London,"['microlendingplatform.ai', 'microlendingplatform.biz', 'microlendingplatform.net']"
cryptocurrency exchange in Berlin,"['exchangeify.net', 'exchangebase.com', 'cryptocurrencyexchange.store']"
music label in Singapore,"['labelio.ai', 'musicbase.io', 'singaporebase.net']"
AI-powered healthcare solution for elderly in rural areas in Toronto,"['aipoweredhealthcare.store', 'aipoweredhealthcare.co', 'aipoweredhealthcare.biz']"
VR gaming center in Singapore,"['vrgaming.ai', 'vrbase.biz', 'vrgaming.com']"
SEO optimization firm in San Francisco,"['seooptimization.io', 'firmlink.com', 'firmio.co']"
SEO optimization firm in New York,"['seobase.biz', 'seooptimization.biz', 'firmify.ai']"
investment firm in New York,"['investmentfirm.io', 'investmentfirm.org', 'investmentbase.io']"
blockchain startup in Tokyo,"['startuphub.store', 'tokyohub.io', 'blockchainstartup.ai']"
yoga studio in Dubai,"['studiolink.biz', 'studiozone.io', 'yogastudio.io']"
ice cream parlor in San Francisco,"['icecream.org', 'icecream.net', 'iceify.net']"
luxury travel agency in San Francisco,"['luxurylink.ai', 'luxurytravel.co', 'agencybase.com']"
cloud solutions provider in Singapore,"['cloudsolutions.store', 'solutionsbase.co', 'cloudsolutions.co']"
investment firm in Paris,"['parisio.net', 'investmentfirm.io', 'parislink.net']"
coworking space in Berlin,"['spacelink.co', 'coworkingspace.io', 'berlinbase.org']"
event planning company in San Francisco,"['eventplanning.com', 'planningzone.net', 'eventplanning.store']"
ice cream parlor in Tokyo,"['icecream.com', 'icehub.org', 'icebase.org']"
personal finance advisory in Singapore,"['personalfinance.co', 'personalfinance.com', 'personalfinance.biz']"
mental health counseling service in Singapore,"['mentalio.io', 'mentalhealth.biz', 'mentalhealth.com']"
insurance brokerage in Paris,"['insurancebrokerage.io', 'insurancebrokerage.ai', 'insurancebase.co']"
organic skincare brand in Dubai,"['organiclink.org', 'skincarelink.store', 'organicskincare.store']"
telemedicine platform in London,"['telemedicineplatform.org', 'telemedicineplatform.io', 'telemedicineplatform.store']"
gaming cafe in Paris,"['gamingcafe.ai', 'cafebase.biz', 'gamingcafe.net']"
mental health counseling service in Singapore,"['mentalhealth.store', 'counselingbase.org', 'mentalhealth.io']"
home decor shop in Toronto,"['homehub.store', 'homedecor.io', 'homelink.ai']"
coworking space in London,"['coworkingspace.com', 'londonzone.co', 'londonhub.io']"
online bookstore in San Francisco,"['sanio.co', 'sanify.biz', 'onlineio.ai']"
environmental NGO in Dubai,"['environmentalngo.net', 'environmentalzone.io', 'environmentalngo.io']"
pet grooming service in Singapore,"['petgrooming.co', 'petio.org', 'groomingio.store']"
coworking space in Tokyo,"['tokyozone.ai', 'coworkingspace.org', 'spacezone.biz']"
music label in London,"['musiclabel.com', 'musiclabel.net', 'musiclabel.org']"
pet grooming service in Toronto,"['petzone.com', 'petgrooming.co', 'petgrooming.com']"
personal finance advisory in Paris,"['personalhub.ai', 'personalfinance.co', 'personalfinance.org']"
VR gaming center in Dubai,"['vrgaming.biz', 'vrgaming.co', 'vrify.net']"
web design agency in Dubai,"['designify.store', 'webhub.biz', 'webdesign.ai']"
insurance brokerage in Paris,"['parishub.biz', 'insurancebrokerage.com', 'parisbase.io']"
real estate agency in San Francisco,"['estateio.org', 'realestate.org', 'realestate.net']"
investment firm in New York,"['investmentfirm.io', 'firmbase.org', 'newio.org']"
online bookstore in New York,"['onlinebookstore.net', 'newio.io', 'onlinebookstore.store']"
blockchain startup in Berlin,"['blockchainstartup.io', 'blockchainstartup.co', 'blockchainstartup.net']"
nonprofit for education in Tokyo,"['tokyoify.org', 'nonprofitlink.org', 'nonprofiteducation.biz']"
digital art marketplace in Paris,"['digitalart.com', 'marketplacezone.co', 'digitalart.ai']"
yoga studio in Paris,"['yogastudio.store', 'studiobase.store', 'yogastudio.biz']"
cybersecurity service provider in London,"['cybersecurityservice.co', 'cybersecurityservice.org', 'cybersecurityservice.biz']"
fitness center in Singapore,"['singaporebase.io', 'fitnesscenter.biz', 'fitnesscenter.org']"
education platform & training program with global outreach in London,"['hub.com', 'educationhub.store', 'educationplatform.biz']"
legal consultancy in Tokyo,"['legalconsultancy.co', 'consultancyzone.store', 'legalconsultancy.ai']"
insurance brokerage in Dubai,"['dubaiio.biz', 'insurancebrokerage.ai', 'insurancebase.io']"
AI-powered healthcare solution for elderly in rural areas in Toronto,"['aipoweredhealthcare.net', 'healthcarebase.store', 'aipoweredhealthcare.com']"
AI consulting firm in Paris,"['aiconsulting.net', 'consultingify.store', 'consultinghub.store']"
organic skincare brand in San Francisco,"['organicify.org', 'organicskincare.io', 'organicskincare.org']"
SEO optimization firm in Dubai,"['seoify.co', 'firmio.com', 'seooptimization.store']"
yoga studio in New York,"['yogabase.net', 'yogastudio.store', 'yogastudio.ai']"
ice cream parlor in San Francisco,"['icecream.org', 'icecream.io', 'creamio.ai']"
animal rescue organization in Paris,"['organizationio.co', 'rescuelink.co', 'animalrescue.ai']"
yoga studio in Paris,"['parishub.io', 'yogalink.org', 'pariszone.biz']"
online learning platform in New York,"['onlinelearning.co', 'learninghub.net', 'onlinelearning.net']"
online learning platform in Singapore,"['onlinelearning.org', 'onlinebase.io', 'onlinelearning.ai']"
event planning company in New York,"['eventhub.ai', 'companyio.org', 'eventplanning.ai']"
fine dining restaurant in Berlin,"['finedining.co', 'dininglink.co', 'finezone.co']"
coffee in Berlin,"['coffeeberlin.org', 'coffeelink.ai', 'coffeeberlin.ai']"
micro-lending platform in Toronto,"['microlendingplatform.com', 'microlendingplatform.org', 'microlendingplatform.net']"
investment firm in Tokyo,"['investmentfirm.ai', 'investmentfirm.store', 'investmentfirm.co']"
nutrition coaching in Paris,"['nutritionhub.org', 'nutritioncoaching.com', 'parisbase.net']"
bakery and pastry shop in Tokyo,"['bakerypastry.store', 'bakerypastry.net', 'bakerypastry.biz']"
podcast production company in Singapore,"['podcastproduction.net', 'productionbase.org', 'productionzone.net']"
digital art marketplace in Tokyo,"['digitalart.io', 'digitalart.ai', 'artify.io']"
AI-powered healthcare solution for elderly in rural areas in London,"['solutionify.ai', 'solutionhub.store', 'aipoweredhealthcare.io']"
cryptocurrency exchange in Tokyo,"['cryptocurrencyexchange.biz', 'tokyobase.biz', 'tokyoio.org']"
coffee in London,"['coffeelondon.store', 'coffeelondon.net', 'coffeelondon.biz']"
ice cream parlor in Toronto,"['parlorzone.io', 'icecream.io', 'icecream.ai']"
bakery and pastry shop in San Francisco,"['shopify.com', 'bakerypastry.net', 'bakerypastry.com']"
VR gaming center in Singapore,"['centerbase.io', 'vrgaming.ai', 'vrio.store']"
home decor shop in Tokyo,"['decorio.io', 'homedecor.io', 'homedecor.biz']"
film production house in Singapore,"['filmproduction.com', 'filmzone.co', 'filmbase.com']"
luxury watch retailer in Toronto,"['luxurywatch.co', 'luxurywatch.biz', 'retailerlink.org']"
insurance brokerage in San Francisco,"['brokeragebase.io', 'insurancebrokerage.store', 'insurancelink.co']"
online bookstore in Paris,"['onlinebookstore.net', 'onlinebookstore.co', 'onlinebookstore.org']"
health awareness campaign in New York,"['healthawareness.net', 'healthawareness.biz', 'healthify.com']"
nutrition coaching in Paris,"['parisify.com', 'parislink.biz', 'nutritionbase.org']"
physiotherapy clinic in Paris,"['parisify.io', 'clinichub.co', 'physiotherapyclinic.store']"
food truck business in Tokyo,"['foodtruck.ai', 'foodtruck.co', 'foodtruck.store']"
fitness center in London,"['fitnesscenter.ai', 'fitnesscenter.biz', 'londonio.org']"
animal rescue organization in Berlin,"['animalrescue.com', 'animalrescue.biz', 'animalrescue.ai']"
electronics store in New York,"['newzone.biz', 'storeio.co', 'newhub.com']"
luxury travel agency in Berlin,"['luxurytravel.ai', 'luxurytravel.com', 'luxurytravel.io']"
coding bootcamp in London,"['codingbootcamp.net', 'codingbootcamp.io', 'codingbootcamp.store']"
podcast production company in Singapore,"['companyhub.org', 'podcastproduction.biz', 'podcastproduction.store']"
fast-food chain in Berlin,"['fastfoodbase.net', 'fastfoodchain.store', 'fastfoodchain.biz']"
luxury travel agency in San Francisco,"['travelzone.ai', 'luxurytravel.net', 'luxurytravel.biz']"
online bookstore in Paris,"['onlinebookstore.net', 'onlinebookstore.ai', 'onlinebookstore.io']"
coding bootcamp in San Francisco,"['codingbootcamp.biz', 'sanbase.store', 'codingbootcamp.org']"
organic skincare brand in Paris,"['organicskincare.co', 'brandbase.store', 'brandbase.biz']"
education platform & training program with global outreach in Singapore,"['ify.ai', 'educationify.store', 'base.ai']"
legal consultancy in Paris,"['legalconsultancy.org', 'consultancylink.io', 'legalconsultancy.com']"
personal finance advisory in Singapore,"['personalfinance.com', 'personalfinance.biz', 'personalfinance.net']"
language tutoring service in Berlin,"['tutoringio.org', 'languagetutoring.io', 'servicezone.biz']"
podcast production company in San Francisco,"['podcastproduction.ai', 'podcastproduction.store', 'podcastproduction.com']"
fitness center in San Francisco,"['centerhub.net', 'fitnesscenter.org', 'fitnesshub.io']"
podcast production company in Berlin,"['podcastproduction.net', 'podcastify.org', 'companyhub.io']"
micro-lending platform in Singapore,"['singaporebase.net', 'microlendingplatform.store', 'singaporelink.store']"
mental health counseling service in Dubai,"['healthhub.biz', 'healthio.net', 'mentalhealth.io']"
youth development program in Singapore,"['youthdevelopment.io', 'youthdevelopment.org', 'programzone.com']"
vegan restaurant in Paris,"['veganify.co', 'restaurantify.store', 'veganrestaurant.io']"
micro-lending platform in London,"['microlendingplatform.net', 'londonlink.store', 'londonify.biz']"
organic coffee shop in Toronto,"['organicify.org', 'organiccoffee.co', 'organiccoffee.store']"
AI consulting firm in Berlin,"['aiconsulting.co', 'aiconsulting.ai', 'aiconsulting.com']"
mobile app development company in Toronto,"['mobileify.net', 'mobileapp.ai', 'mobileapp.io']"
luxury travel agency in Berlin,"['luxurytravel.net', 'travellink.store', 'travelhub.store']"
SEO optimization firm in Paris,"['seooptimization.net', 'seooptimization.ai', 'firmbase.store']"
electronics store in London,"['londonzone.store', 'electronicsstore.net', 'electronicsstore.store']"
cryptocurrency exchange in London,"['cryptocurrencyexchange.co', 'cryptocurrencyio.co', 'cryptocurrencyexchange.store']"
web design agency in San Francisco,"['webify.biz', 'webdesign.store', 'designbase.com']"
home cleaning service in Berlin,"['cleaninglink.biz', 'serviceify.store', 'homecleaning.org']"
music label in New York,"['musiclabel.com', 'musiclabel.store', 'musiclabel.co']"
language tutoring service in London,"['serviceio.biz', 'tutoringzone.com', 'languagetutoring.store']"
university consultancy in New York,"['universityconsultancy.com', 'universityconsultancy.io', 'newify.com']"
coding bootcamp in San Francisco,"['codingbootcamp.co', 'codingbootcamp.net', 'codingbootcamp.store']"
video streaming platform in Singapore,"['videostreaming.org', 'streamingbase.com', 'videostreaming.biz']"
organic skincare brand in Berlin,"['organicbase.org', 'organicskincare.biz', 'skincarelink.net']"
VR gaming center in New York,"['vrgaming.biz', 'gaminghub.ai', 'vrgaming.store']"
mental health counseling service in Singapore,"['healthio.com', 'mentalhealth.co', 'mentalhealth.net']"
organic coffee shop in Toronto,"['shopzone.io', 'coffeehub.store', 'organiccoffee.com']"
food truck business in Berlin,"['truckio.com', 'truckbase.net', 'businessio.ai']"
bakery and pastry shop in Tokyo,"['bakerypastry.co', 'bakerypastry.org', 'bakerypastry.net']"
organic skincare brand in Singapore,"['skincarelink.io', 'organicskincare.co', 'organicskincare.biz']"
digital art marketplace in Toronto,"['digitalart.ai', 'marketplacezone.biz', 'digitalart.net']"
nonprofit for education in San Francisco,"['nonprofitlink.biz', 'sanbase.store', 'sanzone.io']"
coworking space in New York,"['spacehub.store', 'coworkingspace.com', 'coworkingspace.co']"
fast-food chain in London,"['chainhub.store', 'fastfoodchain.store', 'chainify.io']"
nonprofit for education in Toronto,"['nonprofiteducation.com', 'nonprofitzone.com', 'nonprofitlink.co']"
mobile app development company in Tokyo,"['appzone.com', 'mobileapp.ai', 'developmentzone.org']"
bakery and pastry shop in London,"['shophub.biz', 'bakerylink.store', 'bakerypastry.biz']"
fitness center in Singapore,"['fitnesscenter.biz', 'singaporeify.store', 'fitnesscenter.net']"
VR gaming center in Toronto,"['gaminglink.io', 'vrzone.co', 'vrify.org']"
food truck business in Singapore,"['foodlink.store', 'foodtruck.net', 'truckhub.io']"
coding bootcamp in New York,"['bootcampify.io', 'bootcamplink.com', 'codingbootcamp.io']"
pet grooming service in Dubai,"['groominghub.ai', 'petzone.org', 'groomingify.io']"
fashion boutique in Berlin,"['fashionzone.store', 'fashionzone.biz', 'boutiquezone.org']"
AI consulting firm in San Francisco,"['aiconsulting.io', 'ailink.net', 'aiconsulting.com']"
organic coffee shop in San Francisco,"['shopbase.net', 'organiccoffee.biz', 'organiccoffee.org']"
fine dining restaurant in Paris,"['dininglink.com', 'finezone.net', 'finedining.org']"
ice cream parlor in Singapore,"['creamlink.ai', 'creamhub.io', 'icecream.ai']"
nonprofit for education in London,"['nonprofiteducation.ai', 'nonprofiteducation.biz', 'nonprofitlink.co']"
telemedicine platform in Singapore,"['platformio.org', 'telemedicinehub.ai', 'telemedicinebase.biz']"
